
+------------------------------------------------------------+
|             PrintKurox -- Windows Print Daemon             |
|          Manual Duplex (Scenario B) + Silent Print         |
+------------------------------------------------------------+

[23:04:59] [94m[INFO][0m Printer Target: EPSON L3210 Series
[23:04:59] [92m[SUCCESS][0m SumatraPDF Engine: C:\Users\Richard Konsam\Desktop\DEVANANDA\autoprint\daemon\sumatra\SumatraPDF-3.5.2-64.exe
[23:04:59] [94m[INFO][0m Polling Cloudflare D1 every 2s...
[23:05:00] [94m[INFO][0m Heartbeat written to D1
[23:05:33] [94m[INFO][0m Heartbeat written to D1
[23:06:05] [94m[INFO][0m Heartbeat written to D1
[23:06:35] [94m[INFO][0m Heartbeat written to D1
[23:07:07] [94m[INFO][0m Heartbeat written to D1
[23:07:38] [94m[INFO][0m Heartbeat written to D1
[23:08:09] [94m[INFO][0m Heartbeat written to D1
[23:08:41] [94m[INFO][0m Heartbeat written to D1
[23:09:17] [94m[INFO][0m Heartbeat written to D1
[23:09:48] [94m[INFO][0m Heartbeat written to D1
[23:10:19] [94m[INFO][0m Heartbeat written to D1
[23:10:50] [94m[INFO][0m Heartbeat written to D1
[23:11:21] [94m[INFO][0m Heartbeat written to D1
[23:11:52] [94m[INFO][0m Heartbeat written to D1
[23:12:22] [94m[INFO][0m Heartbeat written to D1
[23:12:53] [94m[INFO][0m Heartbeat written to D1
[23:13:24] [94m[INFO][0m Heartbeat written to D1
[23:13:55] [94m[INFO][0m Heartbeat written to D1
[23:14:26] [94m[INFO][0m Heartbeat written to D1
[23:14:57] [94m[INFO][0m Heartbeat written to D1
[23:15:28] [94m[INFO][0m Heartbeat written to D1
[23:15:59] [94m[INFO][0m Heartbeat written to D1
[23:16:30] [94m[INFO][0m Heartbeat written to D1
[23:17:01] [94m[INFO][0m Heartbeat written to D1
[23:17:32] [94m[INFO][0m Heartbeat written to D1
[23:18:02] [94m[INFO][0m Heartbeat written to D1
[23:18:33] [94m[INFO][0m Heartbeat written to D1
[23:19:03] [94m[INFO][0m Heartbeat written to D1
[23:19:34] [94m[INFO][0m Heartbeat written to D1
[23:20:06] [94m[INFO][0m Heartbeat written to D1
[23:20:36] [94m[INFO][0m Heartbeat written to D1
[23:21:08] [94m[INFO][0m Heartbeat written to D1
[23:21:38] [94m[INFO][0m Heartbeat written to D1
[23:22:09] [94m[INFO][0m Heartbeat written to D1
[23:22:40] [94m[INFO][0m Heartbeat written to D1
[23:23:10] [94m[INFO][0m Heartbeat written to D1
[23:23:41] [94m[INFO][0m Heartbeat written to D1
[23:24:13] [94m[INFO][0m Heartbeat written to D1
[23:24:44] [94m[INFO][0m Heartbeat written to D1
[23:25:18] [94m[INFO][0m Heartbeat written to D1
[23:25:52] [94m[INFO][0m Heartbeat written to D1
[23:26:20] [94m[INFO][0m Heartbeat written to D1
[23:26:51] [94m[INFO][0m Heartbeat written to D1
[23:27:23] [94m[INFO][0m Heartbeat written to D1
[23:27:55] [94m[INFO][0m Heartbeat written to D1
[23:28:26] [94m[INFO][0m Heartbeat written to D1
[23:28:57] [94m[INFO][0m Heartbeat written to D1
[23:28:59] [95m[ALERT][0m Found 1 pending paid job(s) in queue!
[23:28:59] [94m[INFO][0m Processing Job #P629 (wireless comm. pyq.pdf) — 1 pages, Duplex: False
[23:29:00] [92m[SUCCESS][0m Job 70ccf358 status updated -> PRINTING_ODD
[23:29:00] [94m[INFO][0m Downloading from R2 (uploads/4f159276-0de7-4c70-a007-829decadcb1d-wireless_comm._pyq.pdf.pdf)...
[23:29:02] [92m[SUCCESS][0m Job 70ccf358 status updated -> PRINTING_ODD
[23:29:02] [94m[INFO][0m Printing Single-Sided: 1 pages, 1 copy/copies
[23:29:02] [94m[INFO][0m Executing: C:\Users\Richard Konsam\Desktop\DEVANANDA\autoprint\daemon\sumatra\SumatraPDF-3.5.2-64.exe -print-to EPSON L3210 Series -print-settings 1,color,portrait,fit -silent C:\Users\Richard Konsam\Desktop\DEVANANDA\autoprint\daemon\temp_prints\P629_70ccf3_wireless comm. pyq.pdf
[23:29:04] [92m[SUCCESS][0m Job 70ccf358 status updated -> COMPLETED
[23:29:05] [94m[INFO][0m Purged remote file from R2: uploads/4f159276-0de7-4c70-a007-829decadcb1d-wireless_comm._pyq.pdf.pdf
[23:29:28] [94m[INFO][0m Heartbeat written to D1
[23:29:59] [94m[INFO][0m Heartbeat written to D1
[23:30:31] [94m[INFO][0m Heartbeat written to D1
[23:31:03] [94m[INFO][0m Heartbeat written to D1
[23:31:35] [94m[INFO][0m Heartbeat written to D1
[23:32:07] [94m[INFO][0m Heartbeat written to D1
[23:32:38] [94m[INFO][0m Heartbeat written to D1
[23:33:08] [94m[INFO][0m Heartbeat written to D1
[23:33:40] [94m[INFO][0m Heartbeat written to D1
[23:34:12] [94m[INFO][0m Heartbeat written to D1
[23:34:44] [94m[INFO][0m Heartbeat written to D1
[23:35:15] [94m[INFO][0m Heartbeat written to D1
[23:35:47] [94m[INFO][0m Heartbeat written to D1
[23:36:20] [94m[INFO][0m Heartbeat written to D1
[23:36:52] [94m[INFO][0m Heartbeat written to D1
[23:37:22] [94m[INFO][0m Heartbeat written to D1
[23:37:54] [94m[INFO][0m Heartbeat written to D1
[23:38:25] [94m[INFO][0m Heartbeat written to D1
[23:38:56] [94m[INFO][0m Heartbeat written to D1
[23:39:27] [94m[INFO][0m Heartbeat written to D1
[23:39:58] [94m[INFO][0m Heartbeat written to D1
[23:40:29] [94m[INFO][0m Heartbeat written to D1
[23:41:01] [94m[INFO][0m Heartbeat written to D1
[23:41:32] [94m[INFO][0m Heartbeat written to D1
[23:42:03] [94m[INFO][0m Heartbeat written to D1
[23:42:33] [94m[INFO][0m Heartbeat written to D1
[23:43:05] [94m[INFO][0m Heartbeat written to D1
[23:43:37] [94m[INFO][0m Heartbeat written to D1
[23:44:05] [94m[INFO][0m Purged expired local file: P629_70ccf3_wireless comm. pyq.pdf
[23:44:09] [94m[INFO][0m Heartbeat written to D1
[23:44:40] [94m[INFO][0m Heartbeat written to D1
[23:45:11] [94m[INFO][0m Heartbeat written to D1
[23:45:42] [94m[INFO][0m Heartbeat written to D1
[23:46:14] [94m[INFO][0m Heartbeat written to D1
[23:46:46] [94m[INFO][0m Heartbeat written to D1
[23:47:18] [94m[INFO][0m Heartbeat written to D1
[23:47:54] [94m[INFO][0m Heartbeat written to D1
[23:48:20] [94m[INFO][0m Heartbeat written to D1
[23:48:51] [94m[INFO][0m Heartbeat written to D1
[23:49:22] [94m[INFO][0m Heartbeat written to D1
[23:49:54] [94m[INFO][0m Heartbeat written to D1
[23:50:24] [94m[INFO][0m Heartbeat written to D1
[23:50:56] [94m[INFO][0m Heartbeat written to D1
[23:51:26] [94m[INFO][0m Heartbeat written to D1
[23:51:57] [94m[INFO][0m Heartbeat written to D1
[23:52:29] [94m[INFO][0m Heartbeat written to D1
[23:53:00] [94m[INFO][0m Heartbeat written to D1
[23:53:31] [94m[INFO][0m Heartbeat written to D1
[23:54:02] [94m[INFO][0m Heartbeat written to D1
[23:54:34] [94m[INFO][0m Heartbeat written to D1
[23:55:05] [94m[INFO][0m Heartbeat written to D1
[23:55:36] [94m[INFO][0m Heartbeat written to D1
[23:56:08] [94m[INFO][0m Heartbeat written to D1
[23:56:39] [94m[INFO][0m Heartbeat written to D1
[23:57:12] [94m[INFO][0m Heartbeat written to D1
[23:57:43] [94m[INFO][0m Heartbeat written to D1
[23:58:14] [94m[INFO][0m Heartbeat written to D1
[23:58:46] [94m[INFO][0m Heartbeat written to D1
[23:59:17] [94m[INFO][0m Heartbeat written to D1
[23:59:50] [94m[INFO][0m Heartbeat written to D1
[00:00:21] [94m[INFO][0m Heartbeat written to D1
[00:00:53] [94m[INFO][0m Heartbeat written to D1
[00:01:24] [94m[INFO][0m Heartbeat written to D1
[00:01:55] [94m[INFO][0m Heartbeat written to D1
[00:02:25] [94m[INFO][0m Heartbeat written to D1
[00:02:56] [94m[INFO][0m Heartbeat written to D1
[00:03:28] [94m[INFO][0m Heartbeat written to D1
[00:03:59] [94m[INFO][0m Heartbeat written to D1
[00:04:30] [94m[INFO][0m Heartbeat written to D1
[00:05:01] [94m[INFO][0m Heartbeat written to D1
[00:05:31] [94m[INFO][0m Heartbeat written to D1
[00:06:02] [94m[INFO][0m Heartbeat written to D1
[00:06:33] [94m[INFO][0m Heartbeat written to D1
[00:07:04] [94m[INFO][0m Heartbeat written to D1
[00:07:36] [94m[INFO][0m Heartbeat written to D1
[00:08:07] [94m[INFO][0m Heartbeat written to D1
[00:08:38] [94m[INFO][0m Heartbeat written to D1
[00:09:09] [94m[INFO][0m Heartbeat written to D1
[00:09:39] [94m[INFO][0m Heartbeat written to D1
[00:10:10] [94m[INFO][0m Heartbeat written to D1
[00:10:40] [94m[INFO][0m Heartbeat written to D1
[00:11:11] [94m[INFO][0m Heartbeat written to D1
[00:11:41] [94m[INFO][0m Heartbeat written to D1
[00:12:13] [94m[INFO][0m Heartbeat written to D1
[00:12:45] [94m[INFO][0m Heartbeat written to D1
[00:13:17] [94m[INFO][0m Heartbeat written to D1
[00:13:48] [94m[INFO][0m Heartbeat written to D1
[00:14:19] [94m[INFO][0m Heartbeat written to D1
[00:14:49] [94m[INFO][0m Heartbeat written to D1
[00:15:20] [94m[INFO][0m Heartbeat written to D1
[00:15:51] [94m[INFO][0m Heartbeat written to D1
[00:16:24] [94m[INFO][0m Heartbeat written to D1
[00:16:55] [94m[INFO][0m Heartbeat written to D1
[00:17:27] [94m[INFO][0m Heartbeat written to D1
[00:17:58] [94m[INFO][0m Heartbeat written to D1
[00:18:30] [94m[INFO][0m Heartbeat written to D1
[00:19:01] [94m[INFO][0m Heartbeat written to D1
[00:19:32] [94m[INFO][0m Heartbeat written to D1
[00:20:04] [94m[INFO][0m Heartbeat written to D1
[00:20:35] [94m[INFO][0m Heartbeat written to D1
[00:21:05] [93m[WARN][0m Network error communicating with Cloudflare: HTTPSConnectionPool(host='api.cloudflare.com', port=443): Max retries exceeded with url: /client/v4/accounts/948fd75d8b84a5cf20559d6aa789d4dd/d1/database/3f4d4547-e86b-4cdd-a867-9ebba19c12c9/query (Caused by SSLError(SSLCertVerificationError(1, '[SSL: CERTIFICATE_VERIFY_FAILED] certificate verify failed: self-signed certificate in certificate chain (_ssl.c:1032)'))). Retrying in 5s...
[00:21:12] [93m[WARN][0m Network error communicating with Cloudflare: HTTPSConnectionPool(host='api.cloudflare.com', port=443): Max retries exceeded with url: /client/v4/accounts/948fd75d8b84a5cf20559d6aa789d4dd/d1/database/3f4d4547-e86b-4cdd-a867-9ebba19c12c9/query (Caused by SSLError(SSLCertVerificationError(1, '[SSL: CERTIFICATE_VERIFY_FAILED] certificate verify failed: self-signed certificate in certificate chain (_ssl.c:1032)'))). Retrying in 5s...
[00:21:20] [93m[WARN][0m Network error communicating with Cloudflare: HTTPSConnectionPool(host='api.cloudflare.com', port=443): Max retries exceeded with url: /client/v4/accounts/948fd75d8b84a5cf20559d6aa789d4dd/d1/database/3f4d4547-e86b-4cdd-a867-9ebba19c12c9/query (Caused by SSLError(SSLCertVerificationError(1, '[SSL: CERTIFICATE_VERIFY_FAILED] certificate verify failed: self-signed certificate in certificate chain (_ssl.c:1032)'))). Retrying in 5s...
[00:21:27] [93m[WARN][0m Network error communicating with Cloudflare: HTTPSConnectionPool(host='api.cloudflare.com', port=443): Max retries exceeded with url: /client/v4/accounts/948fd75d8b84a5cf20559d6aa789d4dd/d1/database/3f4d4547-e86b-4cdd-a867-9ebba19c12c9/query (Caused by SSLError(SSLCertVerificationError(1, '[SSL: CERTIFICATE_VERIFY_FAILED] certificate verify failed: self-signed certificate in certificate chain (_ssl.c:1032)'))). Retrying in 5s...
[00:21:34] [93m[WARN][0m Network error communicating with Cloudflare: HTTPSConnectionPool(host='api.cloudflare.com', port=443): Max retries exceeded with url: /client/v4/accounts/948fd75d8b84a5cf20559d6aa789d4dd/d1/database/3f4d4547-e86b-4cdd-a867-9ebba19c12c9/query (Caused by SSLError(SSLCertVerificationError(1, '[SSL: CERTIFICATE_VERIFY_FAILED] certificate verify failed: self-signed certificate in certificate chain (_ssl.c:1032)'))). Retrying in 5s...
[00:21:42] [93m[WARN][0m Network error communicating with Cloudflare: HTTPSConnectionPool(host='api.cloudflare.com', port=443): Max retries exceeded with url: /client/v4/accounts/948fd75d8b84a5cf20559d6aa789d4dd/d1/database/3f4d4547-e86b-4cdd-a867-9ebba19c12c9/query (Caused by SSLError(SSLCertVerificationError(1, '[SSL: CERTIFICATE_VERIFY_FAILED] certificate verify failed: self-signed certificate in certificate chain (_ssl.c:1032)'))). Retrying in 5s...
[00:21:49] [93m[WARN][0m Network error communicating with Cloudflare: HTTPSConnectionPool(host='api.cloudflare.com', port=443): Max retries exceeded with url: /client/v4/accounts/948fd75d8b84a5cf20559d6aa789d4dd/d1/database/3f4d4547-e86b-4cdd-a867-9ebba19c12c9/query (Caused by SSLError(SSLCertVerificationError(1, '[SSL: CERTIFICATE_VERIFY_FAILED] certificate verify failed: self-signed certificate in certificate chain (_ssl.c:1032)'))). Retrying in 5s...
[00:21:57] [93m[WARN][0m Network error communicating with Cloudflare: HTTPSConnectionPool(host='api.cloudflare.com', port=443): Max retries exceeded with url: /client/v4/accounts/948fd75d8b84a5cf20559d6aa789d4dd/d1/database/3f4d4547-e86b-4cdd-a867-9ebba19c12c9/query (Caused by SSLError(SSLCertVerificationError(1, '[SSL: CERTIFICATE_VERIFY_FAILED] certificate verify failed: self-signed certificate in certificate chain (_ssl.c:1032)'))). Retrying in 5s...
[00:22:04] [93m[WARN][0m Network error communicating with Cloudflare: HTTPSConnectionPool(host='api.cloudflare.com', port=443): Max retries exceeded with url: /client/v4/accounts/948fd75d8b84a5cf20559d6aa789d4dd/d1/database/3f4d4547-e86b-4cdd-a867-9ebba19c12c9/query (Caused by SSLError(SSLCertVerificationError(1, '[SSL: CERTIFICATE_VERIFY_FAILED] certificate verify failed: self-signed certificate in certificate chain (_ssl.c:1032)'))). Retrying in 5s...
[00:22:11] [93m[WARN][0m Network error communicating with Cloudflare: HTTPSConnectionPool(host='api.cloudflare.com', port=443): Max retries exceeded with url: /client/v4/accounts/948fd75d8b84a5cf20559d6aa789d4dd/d1/database/3f4d4547-e86b-4cdd-a867-9ebba19c12c9/query (Caused by SSLError(SSLCertVerificationError(1, '[SSL: CERTIFICATE_VERIFY_FAILED] certificate verify failed: self-signed certificate in certificate chain (_ssl.c:1032)'))). Retrying in 5s...
[00:22:19] [93m[WARN][0m Network error communicating with Cloudflare: HTTPSConnectionPool(host='api.cloudflare.com', port=443): Max retries exceeded with url: /client/v4/accounts/948fd75d8b84a5cf20559d6aa789d4dd/d1/database/3f4d4547-e86b-4cdd-a867-9ebba19c12c9/query (Caused by SSLError(SSLCertVerificationError(1, '[SSL: CERTIFICATE_VERIFY_FAILED] certificate verify failed: self-signed certificate in certificate chain (_ssl.c:1032)'))). Retrying in 5s...
[00:22:26] [93m[WARN][0m Network error communicating with Cloudflare: HTTPSConnectionPool(host='api.cloudflare.com', port=443): Max retries exceeded with url: /client/v4/accounts/948fd75d8b84a5cf20559d6aa789d4dd/d1/database/3f4d4547-e86b-4cdd-a867-9ebba19c12c9/query (Caused by SSLError(SSLCertVerificationError(1, '[SSL: CERTIFICATE_VERIFY_FAILED] certificate verify failed: self-signed certificate in certificate chain (_ssl.c:1032)'))). Retrying in 5s...
[00:22:33] [93m[WARN][0m Network error communicating with Cloudflare: HTTPSConnectionPool(host='api.cloudflare.com', port=443): Max retries exceeded with url: /client/v4/accounts/948fd75d8b84a5cf20559d6aa789d4dd/d1/database/3f4d4547-e86b-4cdd-a867-9ebba19c12c9/query (Caused by SSLError(SSLCertVerificationError(1, '[SSL: CERTIFICATE_VERIFY_FAILED] certificate verify failed: self-signed certificate in certificate chain (_ssl.c:1032)'))). Retrying in 5s...
[00:22:41] [93m[WARN][0m Network error communicating with Cloudflare: HTTPSConnectionPool(host='api.cloudflare.com', port=443): Max retries exceeded with url: /client/v4/accounts/948fd75d8b84a5cf20559d6aa789d4dd/d1/database/3f4d4547-e86b-4cdd-a867-9ebba19c12c9/query (Caused by SSLError(SSLCertVerificationError(1, '[SSL: CERTIFICATE_VERIFY_FAILED] certificate verify failed: self-signed certificate in certificate chain (_ssl.c:1032)'))). Retrying in 5s...
[00:22:48] [93m[WARN][0m Network error communicating with Cloudflare: HTTPSConnectionPool(host='api.cloudflare.com', port=443): Max retries exceeded with url: /client/v4/accounts/948fd75d8b84a5cf20559d6aa789d4dd/d1/database/3f4d4547-e86b-4cdd-a867-9ebba19c12c9/query (Caused by SSLError(SSLCertVerificationError(1, '[SSL: CERTIFICATE_VERIFY_FAILED] certificate verify failed: self-signed certificate in certificate chain (_ssl.c:1032)'))). Retrying in 5s...
[00:22:56] [93m[WARN][0m Network error communicating with Cloudflare: HTTPSConnectionPool(host='api.cloudflare.com', port=443): Max retries exceeded with url: /client/v4/accounts/948fd75d8b84a5cf20559d6aa789d4dd/d1/database/3f4d4547-e86b-4cdd-a867-9ebba19c12c9/query (Caused by SSLError(SSLCertVerificationError(1, '[SSL: CERTIFICATE_VERIFY_FAILED] certificate verify failed: self-signed certificate in certificate chain (_ssl.c:1032)'))). Retrying in 5s...
[00:23:03] [93m[WARN][0m Network error communicating with Cloudflare: HTTPSConnectionPool(host='api.cloudflare.com', port=443): Max retries exceeded with url: /client/v4/accounts/948fd75d8b84a5cf20559d6aa789d4dd/d1/database/3f4d4547-e86b-4cdd-a867-9ebba19c12c9/query (Caused by SSLError(SSLCertVerificationError(1, '[SSL: CERTIFICATE_VERIFY_FAILED] certificate verify failed: self-signed certificate in certificate chain (_ssl.c:1032)'))). Retrying in 5s...
[00:23:10] [93m[WARN][0m Network error communicating with Cloudflare: HTTPSConnectionPool(host='api.cloudflare.com', port=443): Max retries exceeded with url: /client/v4/accounts/948fd75d8b84a5cf20559d6aa789d4dd/d1/database/3f4d4547-e86b-4cdd-a867-9ebba19c12c9/query (Caused by SSLError(SSLCertVerificationError(1, '[SSL: CERTIFICATE_VERIFY_FAILED] certificate verify failed: self-signed certificate in certificate chain (_ssl.c:1032)'))). Retrying in 5s...
[00:23:18] [93m[WARN][0m Network error communicating with Cloudflare: HTTPSConnectionPool(host='api.cloudflare.com', port=443): Max retries exceeded with url: /client/v4/accounts/948fd75d8b84a5cf20559d6aa789d4dd/d1/database/3f4d4547-e86b-4cdd-a867-9ebba19c12c9/query (Caused by SSLError(SSLCertVerificationError(1, '[SSL: CERTIFICATE_VERIFY_FAILED] certificate verify failed: self-signed certificate in certificate chain (_ssl.c:1032)'))). Retrying in 5s...
[00:23:25] [93m[WARN][0m Network error communicating with Cloudflare: HTTPSConnectionPool(host='api.cloudflare.com', port=443): Max retries exceeded with url: /client/v4/accounts/948fd75d8b84a5cf20559d6aa789d4dd/d1/database/3f4d4547-e86b-4cdd-a867-9ebba19c12c9/query (Caused by SSLError(SSLCertVerificationError(1, '[SSL: CERTIFICATE_VERIFY_FAILED] certificate verify failed: self-signed certificate in certificate chain (_ssl.c:1032)'))). Retrying in 5s...
[00:23:32] [93m[WARN][0m Network error communicating with Cloudflare: HTTPSConnectionPool(host='api.cloudflare.com', port=443): Max retries exceeded with url: /client/v4/accounts/948fd75d8b84a5cf20559d6aa789d4dd/d1/database/3f4d4547-e86b-4cdd-a867-9ebba19c12c9/query (Caused by SSLError(SSLCertVerificationError(1, '[SSL: CERTIFICATE_VERIFY_FAILED] certificate verify failed: self-signed certificate in certificate chain (_ssl.c:1032)'))). Retrying in 5s...
[00:23:40] [93m[WARN][0m Network error communicating with Cloudflare: HTTPSConnectionPool(host='api.cloudflare.com', port=443): Max retries exceeded with url: /client/v4/accounts/948fd75d8b84a5cf20559d6aa789d4dd/d1/database/3f4d4547-e86b-4cdd-a867-9ebba19c12c9/query (Caused by SSLError(SSLCertVerificationError(1, '[SSL: CERTIFICATE_VERIFY_FAILED] certificate verify failed: self-signed certificate in certificate chain (_ssl.c:1032)'))). Retrying in 5s...
[00:23:47] [93m[WARN][0m Network error communicating with Cloudflare: HTTPSConnectionPool(host='api.cloudflare.com', port=443): Max retries exceeded with url: /client/v4/accounts/948fd75d8b84a5cf20559d6aa789d4dd/d1/database/3f4d4547-e86b-4cdd-a867-9ebba19c12c9/query (Caused by SSLError(SSLCertVerificationError(1, '[SSL: CERTIFICATE_VERIFY_FAILED] certificate verify failed: self-signed certificate in certificate chain (_ssl.c:1032)'))). Retrying in 5s...
[00:23:54] [93m[WARN][0m Network error communicating with Cloudflare: HTTPSConnectionPool(host='api.cloudflare.com', port=443): Max retries exceeded with url: /client/v4/accounts/948fd75d8b84a5cf20559d6aa789d4dd/d1/database/3f4d4547-e86b-4cdd-a867-9ebba19c12c9/query (Caused by SSLError(SSLCertVerificationError(1, '[SSL: CERTIFICATE_VERIFY_FAILED] certificate verify failed: self-signed certificate in certificate chain (_ssl.c:1032)'))). Retrying in 5s...
[00:24:02] [93m[WARN][0m Network error communicating with Cloudflare: HTTPSConnectionPool(host='api.cloudflare.com', port=443): Max retries exceeded with url: /client/v4/accounts/948fd75d8b84a5cf20559d6aa789d4dd/d1/database/3f4d4547-e86b-4cdd-a867-9ebba19c12c9/query (Caused by SSLError(SSLCertVerificationError(1, '[SSL: CERTIFICATE_VERIFY_FAILED] certificate verify failed: self-signed certificate in certificate chain (_ssl.c:1032)'))). Retrying in 5s...
[00:24:09] [93m[WARN][0m Network error communicating with Cloudflare: HTTPSConnectionPool(host='api.cloudflare.com', port=443): Max retries exceeded with url: /client/v4/accounts/948fd75d8b84a5cf20559d6aa789d4dd/d1/database/3f4d4547-e86b-4cdd-a867-9ebba19c12c9/query (Caused by SSLError(SSLCertVerificationError(1, '[SSL: CERTIFICATE_VERIFY_FAILED] certificate verify failed: self-signed certificate in certificate chain (_ssl.c:1032)'))). Retrying in 5s...
[00:24:16] [93m[WARN][0m Network error communicating with Cloudflare: HTTPSConnectionPool(host='api.cloudflare.com', port=443): Max retries exceeded with url: /client/v4/accounts/948fd75d8b84a5cf20559d6aa789d4dd/d1/database/3f4d4547-e86b-4cdd-a867-9ebba19c12c9/query (Caused by SSLError(SSLCertVerificationError(1, '[SSL: CERTIFICATE_VERIFY_FAILED] certificate verify failed: self-signed certificate in certificate chain (_ssl.c:1032)'))). Retrying in 5s...
[00:24:23] [93m[WARN][0m Network error communicating with Cloudflare: HTTPSConnectionPool(host='api.cloudflare.com', port=443): Max retries exceeded with url: /client/v4/accounts/948fd75d8b84a5cf20559d6aa789d4dd/d1/database/3f4d4547-e86b-4cdd-a867-9ebba19c12c9/query (Caused by SSLError(SSLCertVerificationError(1, '[SSL: CERTIFICATE_VERIFY_FAILED] certificate verify failed: self-signed certificate in certificate chain (_ssl.c:1032)'))). Retrying in 5s...
[00:24:31] [93m[WARN][0m Network error communicating with Cloudflare: HTTPSConnectionPool(host='api.cloudflare.com', port=443): Max retries exceeded with url: /client/v4/accounts/948fd75d8b84a5cf20559d6aa789d4dd/d1/database/3f4d4547-e86b-4cdd-a867-9ebba19c12c9/query (Caused by SSLError(SSLCertVerificationError(1, '[SSL: CERTIFICATE_VERIFY_FAILED] certificate verify failed: self-signed certificate in certificate chain (_ssl.c:1032)'))). Retrying in 5s...
[00:24:39] [93m[WARN][0m Network error communicating with Cloudflare: HTTPSConnectionPool(host='api.cloudflare.com', port=443): Max retries exceeded with url: /client/v4/accounts/948fd75d8b84a5cf20559d6aa789d4dd/d1/database/3f4d4547-e86b-4cdd-a867-9ebba19c12c9/query (Caused by SSLError(SSLCertVerificationError(1, '[SSL: CERTIFICATE_VERIFY_FAILED] certificate verify failed: self-signed certificate in certificate chain (_ssl.c:1032)'))). Retrying in 5s...
[00:24:46] [93m[WARN][0m Network error communicating with Cloudflare: HTTPSConnectionPool(host='api.cloudflare.com', port=443): Max retries exceeded with url: /client/v4/accounts/948fd75d8b84a5cf20559d6aa789d4dd/d1/database/3f4d4547-e86b-4cdd-a867-9ebba19c12c9/query (Caused by SSLError(SSLCertVerificationError(1, '[SSL: CERTIFICATE_VERIFY_FAILED] certificate verify failed: self-signed certificate in certificate chain (_ssl.c:1032)'))). Retrying in 5s...
[00:24:53] [93m[WARN][0m Network error communicating with Cloudflare: HTTPSConnectionPool(host='api.cloudflare.com', port=443): Max retries exceeded with url: /client/v4/accounts/948fd75d8b84a5cf20559d6aa789d4dd/d1/database/3f4d4547-e86b-4cdd-a867-9ebba19c12c9/query (Caused by SSLError(SSLCertVerificationError(1, '[SSL: CERTIFICATE_VERIFY_FAILED] certificate verify failed: self-signed certificate in certificate chain (_ssl.c:1032)'))). Retrying in 5s...
[00:25:01] [93m[WARN][0m Network error communicating with Cloudflare: HTTPSConnectionPool(host='api.cloudflare.com', port=443): Max retries exceeded with url: /client/v4/accounts/948fd75d8b84a5cf20559d6aa789d4dd/d1/database/3f4d4547-e86b-4cdd-a867-9ebba19c12c9/query (Caused by SSLError(SSLCertVerificationError(1, '[SSL: CERTIFICATE_VERIFY_FAILED] certificate verify failed: self-signed certificate in certificate chain (_ssl.c:1032)'))). Retrying in 5s...
[00:25:08] [93m[WARN][0m Network error communicating with Cloudflare: HTTPSConnectionPool(host='api.cloudflare.com', port=443): Max retries exceeded with url: /client/v4/accounts/948fd75d8b84a5cf20559d6aa789d4dd/d1/database/3f4d4547-e86b-4cdd-a867-9ebba19c12c9/query (Caused by SSLError(SSLCertVerificationError(1, '[SSL: CERTIFICATE_VERIFY_FAILED] certificate verify failed: self-signed certificate in certificate chain (_ssl.c:1032)'))). Retrying in 5s...
[00:25:15] [93m[WARN][0m Network error communicating with Cloudflare: HTTPSConnectionPool(host='api.cloudflare.com', port=443): Max retries exceeded with url: /client/v4/accounts/948fd75d8b84a5cf20559d6aa789d4dd/d1/database/3f4d4547-e86b-4cdd-a867-9ebba19c12c9/query (Caused by SSLError(SSLCertVerificationError(1, '[SSL: CERTIFICATE_VERIFY_FAILED] certificate verify failed: self-signed certificate in certificate chain (_ssl.c:1032)'))). Retrying in 5s...
[00:25:25] [94m[INFO][0m Heartbeat written to D1
[00:25:55] [94m[INFO][0m Heartbeat written to D1
[00:26:25] [94m[INFO][0m Heartbeat written to D1
[00:26:59] [94m[INFO][0m Heartbeat written to D1
[00:27:28] [94m[INFO][0m Heartbeat written to D1
[00:27:59] [94m[INFO][0m Heartbeat written to D1
[00:28:31] [94m[INFO][0m Heartbeat written to D1
[00:29:02] [94m[INFO][0m Heartbeat written to D1
[00:29:33] [94m[INFO][0m Heartbeat written to D1
[00:30:06] [94m[INFO][0m Heartbeat written to D1
[00:30:35] [94m[INFO][0m Heartbeat written to D1
[00:31:06] [94m[INFO][0m Heartbeat written to D1
[00:31:37] [94m[INFO][0m Heartbeat written to D1
[00:32:08] [94m[INFO][0m Heartbeat written to D1
[00:32:39] [94m[INFO][0m Heartbeat written to D1
[00:33:10] [94m[INFO][0m Heartbeat written to D1
[00:33:42] [94m[INFO][0m Heartbeat written to D1
[00:34:13] [94m[INFO][0m Heartbeat written to D1
[00:34:44] [94m[INFO][0m Heartbeat written to D1
[00:35:16] [94m[INFO][0m Heartbeat written to D1
[00:35:47] [94m[INFO][0m Heartbeat written to D1
[00:36:18] [94m[INFO][0m Heartbeat written to D1
[00:36:50] [94m[INFO][0m Heartbeat written to D1
[00:37:21] [94m[INFO][0m Heartbeat written to D1
[00:37:52] [94m[INFO][0m Heartbeat written to D1
[00:38:22] [94m[INFO][0m Heartbeat written to D1
[00:38:53] [94m[INFO][0m Heartbeat written to D1
[00:39:24] [94m[INFO][0m Heartbeat written to D1
[00:39:57] [94m[INFO][0m Heartbeat written to D1
[00:40:29] [94m[INFO][0m Heartbeat written to D1
[00:41:01] [94m[INFO][0m Heartbeat written to D1
[00:41:33] [94m[INFO][0m Heartbeat written to D1
[00:42:05] [94m[INFO][0m Heartbeat written to D1
[00:42:38] [94m[INFO][0m Heartbeat written to D1
[00:43:10] [94m[INFO][0m Heartbeat written to D1
[00:43:44] [94m[INFO][0m Heartbeat written to D1
[00:44:12] [94m[INFO][0m Heartbeat written to D1
[00:44:43] [94m[INFO][0m Heartbeat written to D1
[00:45:13] [94m[INFO][0m Heartbeat written to D1
[00:45:45] [94m[INFO][0m Heartbeat written to D1
[00:46:18] [94m[INFO][0m Heartbeat written to D1
[00:46:49] [94m[INFO][0m Heartbeat written to D1
[00:47:20] [94m[INFO][0m Heartbeat written to D1
[00:47:51] [94m[INFO][0m Heartbeat written to D1
[00:48:21] [94m[INFO][0m Heartbeat written to D1
[00:48:53] [94m[INFO][0m Heartbeat written to D1
[00:49:27] [94m[INFO][0m Heartbeat written to D1
[00:50:02] [94m[INFO][0m Heartbeat written to D1
[00:50:33] [94m[INFO][0m Heartbeat written to D1
[00:51:04] [94m[INFO][0m Heartbeat written to D1
[00:51:35] [94m[INFO][0m Heartbeat written to D1
[00:52:06] [94m[INFO][0m Heartbeat written to D1
[00:52:37] [94m[INFO][0m Heartbeat written to D1
[00:53:09] [94m[INFO][0m Heartbeat written to D1
[00:53:39] [94m[INFO][0m Heartbeat written to D1
[00:54:11] [94m[INFO][0m Heartbeat written to D1
[00:54:43] [94m[INFO][0m Heartbeat written to D1
[00:55:14] [94m[INFO][0m Heartbeat written to D1
[00:55:47] [94m[INFO][0m Heartbeat written to D1
[00:56:19] [94m[INFO][0m Heartbeat written to D1
[00:56:51] [94m[INFO][0m Heartbeat written to D1
[00:57:23] [94m[INFO][0m Heartbeat written to D1
[00:57:53] [94m[INFO][0m Heartbeat written to D1
[00:58:24] [94m[INFO][0m Heartbeat written to D1
[00:58:55] [94m[INFO][0m Heartbeat written to D1
[00:59:26] [94m[INFO][0m Heartbeat written to D1
[00:59:57] [94m[INFO][0m Heartbeat written to D1
[01:00:28] [94m[INFO][0m Heartbeat written to D1
[01:01:00] [94m[INFO][0m Heartbeat written to D1
[01:01:25] [93m[WARN][0m Network error communicating with Cloudflare: HTTPSConnectionPool(host='api.cloudflare.com', port=443): Max retries exceeded with url: /client/v4/accounts/948fd75d8b84a5cf20559d6aa789d4dd/d1/database/3f4d4547-e86b-4cdd-a867-9ebba19c12c9/query (Caused by NameResolutionError("HTTPSConnection(host='api.cloudflare.com', port=443): Failed to resolve 'api.cloudflare.com' ([Errno 11001] getaddrinfo failed)")). Retrying in 5s...
[01:09:39] [93m[WARN][0m Network error communicating with Cloudflare: HTTPSConnectionPool(host='api.cloudflare.com', port=443): Max retries exceeded with url: /client/v4/accounts/948fd75d8b84a5cf20559d6aa789d4dd/d1/database/3f4d4547-e86b-4cdd-a867-9ebba19c12c9/query (Caused by NameResolutionError("HTTPSConnection(host='api.cloudflare.com', port=443): Failed to resolve 'api.cloudflare.com' ([Errno 11001] getaddrinfo failed)")). Retrying in 5s...
[01:09:49] [95m[ALERT][0m Found 1 pending paid job(s) in queue!
[01:09:49] [94m[INFO][0m Processing Job #U153 (wireless comm. pyq.pdf) — 1 pages, Duplex: False
[01:09:52] [92m[SUCCESS][0m Job 0c569216 status updated -> PRINTING_ODD
[01:09:52] [94m[INFO][0m Downloading from R2 (uploads/raw/82fc1aca-a421-4700-8295-e06703139771-wireless_comm._pyq.pdf)...
[01:09:54] [92m[SUCCESS][0m Job 0c569216 status updated -> PRINTING_ODD
[01:09:54] [94m[INFO][0m Printing Single-Sided: 1 pages, 1 copy/copies
[01:09:54] [94m[INFO][0m Executing: C:\Users\Richard Konsam\Desktop\DEVANANDA\autoprint\daemon\sumatra\SumatraPDF-3.5.2-64.exe -print-to EPSON L3210 Series -print-settings 1,monochrome,portrait,fit -silent C:\Users\Richard Konsam\Desktop\DEVANANDA\autoprint\daemon\temp_prints\U153_0c5692_wireless comm. pyq.pdf
[01:09:56] [92m[SUCCESS][0m Job 0c569216 status updated -> COMPLETED
[01:09:56] [94m[INFO][0m Purged remote file from R2: uploads/raw/82fc1aca-a421-4700-8295-e06703139771-wireless_comm._pyq.pdf
[01:09:58] [94m[INFO][0m Heartbeat written to D1
[01:10:31] [94m[INFO][0m Heartbeat written to D1
[10:24:21] [93m[WARN][0m Network error communicating with Cloudflare: HTTPSConnectionPool(host='api.cloudflare.com', port=443): Max retries exceeded with url: /client/v4/accounts/948fd75d8b84a5cf20559d6aa789d4dd/d1/database/3f4d4547-e86b-4cdd-a867-9ebba19c12c9/query (Caused by SSLError(SSLCertVerificationError(1, '[SSL: CERTIFICATE_VERIFY_FAILED] certificate verify failed: self-signed certificate in certificate chain (_ssl.c:1032)'))). Retrying in 5s...
[10:24:31] [93m[WARN][0m Network error communicating with Cloudflare: HTTPSConnectionPool(host='api.cloudflare.com', port=443): Max retries exceeded with url: /client/v4/accounts/948fd75d8b84a5cf20559d6aa789d4dd/d1/database/3f4d4547-e86b-4cdd-a867-9ebba19c12c9/query (Caused by SSLError(SSLCertVerificationError(1, '[SSL: CERTIFICATE_VERIFY_FAILED] certificate verify failed: self-signed certificate in certificate chain (_ssl.c:1032)'))). Retrying in 5s...
[10:24:38] [93m[WARN][0m Network error communicating with Cloudflare: HTTPSConnectionPool(host='api.cloudflare.com', port=443): Max retries exceeded with url: /client/v4/accounts/948fd75d8b84a5cf20559d6aa789d4dd/d1/database/3f4d4547-e86b-4cdd-a867-9ebba19c12c9/query (Caused by SSLError(SSLCertVerificationError(1, '[SSL: CERTIFICATE_VERIFY_FAILED] certificate verify failed: self-signed certificate in certificate chain (_ssl.c:1032)'))). Retrying in 5s...
[10:24:47] [94m[INFO][0m Purged expired local file: U153_0c5692_wireless comm. pyq.pdf
[10:24:49] [94m[INFO][0m Heartbeat written to D1
[10:25:21] [94m[INFO][0m Heartbeat written to D1
[10:25:55] [94m[INFO][0m Heartbeat written to D1
[10:26:24] [94m[INFO][0m Heartbeat written to D1
[10:26:55] [94m[INFO][0m Heartbeat written to D1
[10:27:27] [94m[INFO][0m Heartbeat written to D1
[10:28:00] [94m[INFO][0m Heartbeat written to D1
[10:28:31] [94m[INFO][0m Heartbeat written to D1
[10:29:03] [94m[INFO][0m Heartbeat written to D1
[10:29:33] [94m[INFO][0m Heartbeat written to D1
[10:30:05] [94m[INFO][0m Heartbeat written to D1
[10:30:36] [94m[INFO][0m Heartbeat written to D1
[10:31:09] [94m[INFO][0m Heartbeat written to D1
[10:31:41] [94m[INFO][0m Heartbeat written to D1
[10:32:13] [94m[INFO][0m Heartbeat written to D1
[10:32:44] [94m[INFO][0m Heartbeat written to D1
[10:33:16] [94m[INFO][0m Heartbeat written to D1
[10:33:47] [94m[INFO][0m Heartbeat written to D1
[10:34:19] [94m[INFO][0m Heartbeat written to D1
[10:34:51] [94m[INFO][0m Heartbeat written to D1
[10:35:22] [94m[INFO][0m Heartbeat written to D1
[10:35:52] [94m[INFO][0m Heartbeat written to D1
[10:36:23] [94m[INFO][0m Heartbeat written to D1
[10:36:55] [94m[INFO][0m Heartbeat written to D1
[10:37:25] [94m[INFO][0m Heartbeat written to D1
[10:37:57] [94m[INFO][0m Heartbeat written to D1
[10:38:29] [94m[INFO][0m Heartbeat written to D1
[10:39:00] [94m[INFO][0m Heartbeat written to D1
[10:39:31] [94m[INFO][0m Heartbeat written to D1
[10:40:03] [94m[INFO][0m Heartbeat written to D1
[10:40:35] [94m[INFO][0m Heartbeat written to D1
[10:41:05] [94m[INFO][0m Heartbeat written to D1
[10:41:37] [94m[INFO][0m Heartbeat written to D1
[10:42:09] [94m[INFO][0m Heartbeat written to D1
[10:42:41] [94m[INFO][0m Heartbeat written to D1
[10:43:11] [94m[INFO][0m Heartbeat written to D1
[10:43:43] [94m[INFO][0m Heartbeat written to D1
[10:44:15] [94m[INFO][0m Heartbeat written to D1
[10:44:47] [94m[INFO][0m Heartbeat written to D1
[10:45:19] [94m[INFO][0m Heartbeat written to D1
[10:45:50] [94m[INFO][0m Heartbeat written to D1
[10:46:21] [94m[INFO][0m Heartbeat written to D1
[10:46:52] [94m[INFO][0m Heartbeat written to D1
[10:47:25] [94m[INFO][0m Heartbeat written to D1
[10:47:57] [94m[INFO][0m Heartbeat written to D1
[10:48:28] [94m[INFO][0m Heartbeat written to D1
[10:48:59] [94m[INFO][0m Heartbeat written to D1
[10:49:30] [94m[INFO][0m Heartbeat written to D1
[10:50:01] [94m[INFO][0m Heartbeat written to D1
[10:50:34] [94m[INFO][0m Heartbeat written to D1
[10:51:06] [94m[INFO][0m Heartbeat written to D1
[10:51:38] [94m[INFO][0m Heartbeat written to D1
[10:52:09] [94m[INFO][0m Heartbeat written to D1
[10:52:40] [94m[INFO][0m Heartbeat written to D1
[10:53:11] [94m[INFO][0m Heartbeat written to D1
[10:53:44] [94m[INFO][0m Heartbeat written to D1
[10:54:12] [94m[INFO][0m Heartbeat written to D1
[10:54:43] [94m[INFO][0m Heartbeat written to D1
[10:55:13] [94m[INFO][0m Heartbeat written to D1
[10:55:45] [94m[INFO][0m Heartbeat written to D1
[10:56:16] [94m[INFO][0m Heartbeat written to D1
[10:56:47] [94m[INFO][0m Heartbeat written to D1
[10:57:19] [94m[INFO][0m Heartbeat written to D1
[10:57:50] [94m[INFO][0m Heartbeat written to D1
[10:58:21] [94m[INFO][0m Heartbeat written to D1
[10:58:53] [94m[INFO][0m Heartbeat written to D1
[10:59:25] [94m[INFO][0m Heartbeat written to D1
[10:59:58] [94m[INFO][0m Heartbeat written to D1
[11:00:30] [94m[INFO][0m Heartbeat written to D1
[11:01:01] [94m[INFO][0m Heartbeat written to D1
[11:01:22] [93m[WARN][0m Network error communicating with Cloudflare: HTTPSConnectionPool(host='api.cloudflare.com', port=443): Read timed out. (read timeout=10). Retrying in 5s...
[11:01:40] [93m[WARN][0m Network error communicating with Cloudflare: HTTPSConnectionPool(host='api.cloudflare.com', port=443): Read timed out. (read timeout=10). Retrying in 5s...
[11:01:50] [94m[INFO][0m Heartbeat written to D1
[11:02:20] [94m[INFO][0m Heartbeat written to D1
[11:02:52] [94m[INFO][0m Heartbeat written to D1
[11:03:25] [94m[INFO][0m Heartbeat written to D1
[11:03:57] [94m[INFO][0m Heartbeat written to D1
[11:04:29] [94m[INFO][0m Heartbeat written to D1
[11:05:01] [94m[INFO][0m Heartbeat written to D1
[11:05:33] [94m[INFO][0m Heartbeat written to D1
[11:06:06] [94m[INFO][0m Heartbeat written to D1
[11:06:38] [93m[WARN][0m Network error communicating with Cloudflare: HTTPSConnectionPool(host='api.cloudflare.com', port=443): Read timed out. (read timeout=10). Retrying in 5s...
[11:06:48] [94m[INFO][0m Heartbeat written to D1
[11:07:06] [93m[WARN][0m Network error communicating with Cloudflare: HTTPSConnectionPool(host='api.cloudflare.com', port=443): Read timed out. (read timeout=10). Retrying in 5s...
[11:07:23] [93m[WARN][0m Network error communicating with Cloudflare: HTTPSConnectionPool(host='api.cloudflare.com', port=443): Read timed out. (read timeout=10). Retrying in 5s...
[11:07:35] [94m[INFO][0m Heartbeat written to D1
[11:08:04] [94m[INFO][0m Heartbeat written to D1
[11:08:35] [94m[INFO][0m Heartbeat written to D1
[11:09:08] [94m[INFO][0m Heartbeat written to D1
[11:09:40] [94m[INFO][0m Heartbeat written to D1
[11:10:11] [94m[INFO][0m Heartbeat written to D1
[11:10:43] [94m[INFO][0m Heartbeat written to D1
[11:11:16] [94m[INFO][0m Heartbeat written to D1
[11:11:53] [93m[WARN][0m Network error communicating with Cloudflare: HTTPSConnectionPool(host='api.cloudflare.com', port=443): Read timed out. (read timeout=10). Retrying in 5s...
[11:12:10] [93m[WARN][0m Network error communicating with Cloudflare: HTTPSConnectionPool(host='api.cloudflare.com', port=443): Read timed out. (read timeout=10). Retrying in 5s...
[11:12:28] [93m[WARN][0m Network error communicating with Cloudflare: HTTPSConnectionPool(host='api.cloudflare.com', port=443): Read timed out. (read timeout=10). Retrying in 5s...
[11:12:45] [93m[WARN][0m Network error communicating with Cloudflare: HTTPSConnectionPool(host='api.cloudflare.com', port=443): Read timed out. (read timeout=10). Retrying in 5s...
[11:13:02] [93m[WARN][0m Network error communicating with Cloudflare: HTTPSConnectionPool(host='api.cloudflare.com', port=443): Read timed out. (read timeout=10). Retrying in 5s...
[11:13:19] [93m[WARN][0m Network error communicating with Cloudflare: HTTPSConnectionPool(host='api.cloudflare.com', port=443): Read timed out. (read timeout=10). Retrying in 5s...
[11:13:37] [93m[WARN][0m Network error communicating with Cloudflare: HTTPSConnectionPool(host='api.cloudflare.com', port=443): Read timed out. (read timeout=10). Retrying in 5s...
[11:13:54] [93m[WARN][0m Network error communicating with Cloudflare: HTTPSConnectionPool(host='api.cloudflare.com', port=443): Read timed out. (read timeout=10). Retrying in 5s...
[11:14:11] [93m[WARN][0m Network error communicating with Cloudflare: HTTPSConnectionPool(host='api.cloudflare.com', port=443): Read timed out. (read timeout=10). Retrying in 5s...
[11:14:29] [93m[WARN][0m Network error communicating with Cloudflare: HTTPSConnectionPool(host='api.cloudflare.com', port=443): Read timed out. (read timeout=10). Retrying in 5s...
[11:14:37] [93m[WARN][0m Network error communicating with Cloudflare: ('Connection aborted.', ConnectionResetError(10054, 'An existing connection was forcibly closed by the remote host', None, 10054, None)). Retrying in 5s...
[11:14:54] [93m[WARN][0m Network error communicating with Cloudflare: HTTPSConnectionPool(host='api.cloudflare.com', port=443): Read timed out. (read timeout=10). Retrying in 5s...
[11:15:12] [93m[WARN][0m Network error communicating with Cloudflare: HTTPSConnectionPool(host='api.cloudflare.com', port=443): Max retries exceeded with url: /client/v4/accounts/948fd75d8b84a5cf20559d6aa789d4dd/d1/database/3f4d4547-e86b-4cdd-a867-9ebba19c12c9/query (Caused by NameResolutionError("HTTPSConnection(host='api.cloudflare.com', port=443): Failed to resolve 'api.cloudflare.com' ([Errno 11002] getaddrinfo failed)")). Retrying in 5s...
[11:15:31] [93m[WARN][0m Network error communicating with Cloudflare: HTTPSConnectionPool(host='api.cloudflare.com', port=443): Max retries exceeded with url: /client/v4/accounts/948fd75d8b84a5cf20559d6aa789d4dd/d1/database/3f4d4547-e86b-4cdd-a867-9ebba19c12c9/query (Caused by NameResolutionError("HTTPSConnection(host='api.cloudflare.com', port=443): Failed to resolve 'api.cloudflare.com' ([Errno 11002] getaddrinfo failed)")). Retrying in 5s...
[11:15:50] [93m[WARN][0m Network error communicating with Cloudflare: HTTPSConnectionPool(host='api.cloudflare.com', port=443): Max retries exceeded with url: /client/v4/accounts/948fd75d8b84a5cf20559d6aa789d4dd/d1/database/3f4d4547-e86b-4cdd-a867-9ebba19c12c9/query (Caused by NameResolutionError("HTTPSConnection(host='api.cloudflare.com', port=443): Failed to resolve 'api.cloudflare.com' ([Errno 11002] getaddrinfo failed)")). Retrying in 5s...
[11:15:57] [93m[WARN][0m Network error communicating with Cloudflare: HTTPSConnectionPool(host='api.cloudflare.com', port=443): Max retries exceeded with url: /client/v4/accounts/948fd75d8b84a5cf20559d6aa789d4dd/d1/database/3f4d4547-e86b-4cdd-a867-9ebba19c12c9/query (Caused by NameResolutionError("HTTPSConnection(host='api.cloudflare.com', port=443): Failed to resolve 'api.cloudflare.com' ([Errno 11001] getaddrinfo failed)")). Retrying in 5s...
[11:16:04] [93m[WARN][0m Network error communicating with Cloudflare: HTTPSConnectionPool(host='api.cloudflare.com', port=443): Max retries exceeded with url: /client/v4/accounts/948fd75d8b84a5cf20559d6aa789d4dd/d1/database/3f4d4547-e86b-4cdd-a867-9ebba19c12c9/query (Caused by NameResolutionError("HTTPSConnection(host='api.cloudflare.com', port=443): Failed to resolve 'api.cloudflare.com' ([Errno 11001] getaddrinfo failed)")). Retrying in 5s...
[11:16:11] [93m[WARN][0m Network error communicating with Cloudflare: HTTPSConnectionPool(host='api.cloudflare.com', port=443): Max retries exceeded with url: /client/v4/accounts/948fd75d8b84a5cf20559d6aa789d4dd/d1/database/3f4d4547-e86b-4cdd-a867-9ebba19c12c9/query (Caused by NameResolutionError("HTTPSConnection(host='api.cloudflare.com', port=443): Failed to resolve 'api.cloudflare.com' ([Errno 11001] getaddrinfo failed)")). Retrying in 5s...
[11:16:18] [93m[WARN][0m Network error communicating with Cloudflare: HTTPSConnectionPool(host='api.cloudflare.com', port=443): Max retries exceeded with url: /client/v4/accounts/948fd75d8b84a5cf20559d6aa789d4dd/d1/database/3f4d4547-e86b-4cdd-a867-9ebba19c12c9/query (Caused by NameResolutionError("HTTPSConnection(host='api.cloudflare.com', port=443): Failed to resolve 'api.cloudflare.com' ([Errno 11001] getaddrinfo failed)")). Retrying in 5s...
[11:16:25] [93m[WARN][0m Network error communicating with Cloudflare: HTTPSConnectionPool(host='api.cloudflare.com', port=443): Max retries exceeded with url: /client/v4/accounts/948fd75d8b84a5cf20559d6aa789d4dd/d1/database/3f4d4547-e86b-4cdd-a867-9ebba19c12c9/query (Caused by NameResolutionError("HTTPSConnection(host='api.cloudflare.com', port=443): Failed to resolve 'api.cloudflare.com' ([Errno 11001] getaddrinfo failed)")). Retrying in 5s...
[11:16:32] [93m[WARN][0m Network error communicating with Cloudflare: HTTPSConnectionPool(host='api.cloudflare.com', port=443): Max retries exceeded with url: /client/v4/accounts/948fd75d8b84a5cf20559d6aa789d4dd/d1/database/3f4d4547-e86b-4cdd-a867-9ebba19c12c9/query (Caused by NameResolutionError("HTTPSConnection(host='api.cloudflare.com', port=443): Failed to resolve 'api.cloudflare.com' ([Errno 11001] getaddrinfo failed)")). Retrying in 5s...
[11:16:39] [93m[WARN][0m Network error communicating with Cloudflare: HTTPSConnectionPool(host='api.cloudflare.com', port=443): Max retries exceeded with url: /client/v4/accounts/948fd75d8b84a5cf20559d6aa789d4dd/d1/database/3f4d4547-e86b-4cdd-a867-9ebba19c12c9/query (Caused by NameResolutionError("HTTPSConnection(host='api.cloudflare.com', port=443): Failed to resolve 'api.cloudflare.com' ([Errno 11001] getaddrinfo failed)")). Retrying in 5s...
[11:16:46] [93m[WARN][0m Network error communicating with Cloudflare: HTTPSConnectionPool(host='api.cloudflare.com', port=443): Max retries exceeded with url: /client/v4/accounts/948fd75d8b84a5cf20559d6aa789d4dd/d1/database/3f4d4547-e86b-4cdd-a867-9ebba19c12c9/query (Caused by NameResolutionError("HTTPSConnection(host='api.cloudflare.com', port=443): Failed to resolve 'api.cloudflare.com' ([Errno 11001] getaddrinfo failed)")). Retrying in 5s...
[11:16:53] [93m[WARN][0m Network error communicating with Cloudflare: HTTPSConnectionPool(host='api.cloudflare.com', port=443): Max retries exceeded with url: /client/v4/accounts/948fd75d8b84a5cf20559d6aa789d4dd/d1/database/3f4d4547-e86b-4cdd-a867-9ebba19c12c9/query (Caused by NameResolutionError("HTTPSConnection(host='api.cloudflare.com', port=443): Failed to resolve 'api.cloudflare.com' ([Errno 11001] getaddrinfo failed)")). Retrying in 5s...
[11:17:10] [93m[WARN][0m Network error communicating with Cloudflare: HTTPSConnectionPool(host='api.cloudflare.com', port=443): Max retries exceeded with url: /client/v4/accounts/948fd75d8b84a5cf20559d6aa789d4dd/d1/database/3f4d4547-e86b-4cdd-a867-9ebba19c12c9/query (Caused by NameResolutionError("HTTPSConnection(host='api.cloudflare.com', port=443): Failed to resolve 'api.cloudflare.com' ([Errno 11002] getaddrinfo failed)")). Retrying in 5s...
[11:17:29] [93m[WARN][0m Network error communicating with Cloudflare: HTTPSConnectionPool(host='api.cloudflare.com', port=443): Max retries exceeded with url: /client/v4/accounts/948fd75d8b84a5cf20559d6aa789d4dd/d1/database/3f4d4547-e86b-4cdd-a867-9ebba19c12c9/query (Caused by NameResolutionError("HTTPSConnection(host='api.cloudflare.com', port=443): Failed to resolve 'api.cloudflare.com' ([Errno 11002] getaddrinfo failed)")). Retrying in 5s...
[11:17:48] [93m[WARN][0m Network error communicating with Cloudflare: HTTPSConnectionPool(host='api.cloudflare.com', port=443): Max retries exceeded with url: /client/v4/accounts/948fd75d8b84a5cf20559d6aa789d4dd/d1/database/3f4d4547-e86b-4cdd-a867-9ebba19c12c9/query (Caused by NameResolutionError("HTTPSConnection(host='api.cloudflare.com', port=443): Failed to resolve 'api.cloudflare.com' ([Errno 11002] getaddrinfo failed)")). Retrying in 5s...
[11:18:07] [93m[WARN][0m Network error communicating with Cloudflare: HTTPSConnectionPool(host='api.cloudflare.com', port=443): Max retries exceeded with url: /client/v4/accounts/948fd75d8b84a5cf20559d6aa789d4dd/d1/database/3f4d4547-e86b-4cdd-a867-9ebba19c12c9/query (Caused by NameResolutionError("HTTPSConnection(host='api.cloudflare.com', port=443): Failed to resolve 'api.cloudflare.com' ([Errno 11001] getaddrinfo failed)")). Retrying in 5s...
[11:18:26] [93m[WARN][0m Network error communicating with Cloudflare: HTTPSConnectionPool(host='api.cloudflare.com', port=443): Max retries exceeded with url: /client/v4/accounts/948fd75d8b84a5cf20559d6aa789d4dd/d1/database/3f4d4547-e86b-4cdd-a867-9ebba19c12c9/query (Caused by NameResolutionError("HTTPSConnection(host='api.cloudflare.com', port=443): Failed to resolve 'api.cloudflare.com' ([Errno 11002] getaddrinfo failed)")). Retrying in 5s...
[11:18:41] [93m[WARN][0m Network error communicating with Cloudflare: HTTPSConnectionPool(host='api.cloudflare.com', port=443): Max retries exceeded with url: /client/v4/accounts/948fd75d8b84a5cf20559d6aa789d4dd/d1/database/3f4d4547-e86b-4cdd-a867-9ebba19c12c9/query (Caused by NameResolutionError("HTTPSConnection(host='api.cloudflare.com', port=443): Failed to resolve 'api.cloudflare.com' ([Errno 11002] getaddrinfo failed)")). Retrying in 5s...
[11:19:00] [93m[WARN][0m Network error communicating with Cloudflare: HTTPSConnectionPool(host='api.cloudflare.com', port=443): Max retries exceeded with url: /client/v4/accounts/948fd75d8b84a5cf20559d6aa789d4dd/d1/database/3f4d4547-e86b-4cdd-a867-9ebba19c12c9/query (Caused by NameResolutionError("HTTPSConnection(host='api.cloudflare.com', port=443): Failed to resolve 'api.cloudflare.com' ([Errno 11002] getaddrinfo failed)")). Retrying in 5s...
[11:19:18] [93m[WARN][0m Network error communicating with Cloudflare: HTTPSConnectionPool(host='api.cloudflare.com', port=443): Max retries exceeded with url: /client/v4/accounts/948fd75d8b84a5cf20559d6aa789d4dd/d1/database/3f4d4547-e86b-4cdd-a867-9ebba19c12c9/query (Caused by NameResolutionError("HTTPSConnection(host='api.cloudflare.com', port=443): Failed to resolve 'api.cloudflare.com' ([Errno 11002] getaddrinfo failed)")). Retrying in 5s...
[11:19:35] [93m[WARN][0m Network error communicating with Cloudflare: HTTPSConnectionPool(host='api.cloudflare.com', port=443): Max retries exceeded with url: /client/v4/accounts/948fd75d8b84a5cf20559d6aa789d4dd/d1/database/3f4d4547-e86b-4cdd-a867-9ebba19c12c9/query (Caused by NameResolutionError("HTTPSConnection(host='api.cloudflare.com', port=443): Failed to resolve 'api.cloudflare.com' ([Errno 11002] getaddrinfo failed)")). Retrying in 5s...
[11:19:53] [93m[WARN][0m Network error communicating with Cloudflare: HTTPSConnectionPool(host='api.cloudflare.com', port=443): Max retries exceeded with url: /client/v4/accounts/948fd75d8b84a5cf20559d6aa789d4dd/d1/database/3f4d4547-e86b-4cdd-a867-9ebba19c12c9/query (Caused by NameResolutionError("HTTPSConnection(host='api.cloudflare.com', port=443): Failed to resolve 'api.cloudflare.com' ([Errno 11002] getaddrinfo failed)")). Retrying in 5s...
[11:20:10] [93m[WARN][0m Network error communicating with Cloudflare: HTTPSConnectionPool(host='api.cloudflare.com', port=443): Max retries exceeded with url: /client/v4/accounts/948fd75d8b84a5cf20559d6aa789d4dd/d1/database/3f4d4547-e86b-4cdd-a867-9ebba19c12c9/query (Caused by NameResolutionError("HTTPSConnection(host='api.cloudflare.com', port=443): Failed to resolve 'api.cloudflare.com' ([Errno 11002] getaddrinfo failed)")). Retrying in 5s...
[11:20:28] [93m[WARN][0m Network error communicating with Cloudflare: HTTPSConnectionPool(host='api.cloudflare.com', port=443): Max retries exceeded with url: /client/v4/accounts/948fd75d8b84a5cf20559d6aa789d4dd/d1/database/3f4d4547-e86b-4cdd-a867-9ebba19c12c9/query (Caused by NameResolutionError("HTTPSConnection(host='api.cloudflare.com', port=443): Failed to resolve 'api.cloudflare.com' ([Errno 11002] getaddrinfo failed)")). Retrying in 5s...
[11:20:46] [93m[WARN][0m Network error communicating with Cloudflare: HTTPSConnectionPool(host='api.cloudflare.com', port=443): Max retries exceeded with url: /client/v4/accounts/948fd75d8b84a5cf20559d6aa789d4dd/d1/database/3f4d4547-e86b-4cdd-a867-9ebba19c12c9/query (Caused by NameResolutionError("HTTPSConnection(host='api.cloudflare.com', port=443): Failed to resolve 'api.cloudflare.com' ([Errno 11002] getaddrinfo failed)")). Retrying in 5s...
[11:21:04] [93m[WARN][0m Network error communicating with Cloudflare: HTTPSConnectionPool(host='api.cloudflare.com', port=443): Max retries exceeded with url: /client/v4/accounts/948fd75d8b84a5cf20559d6aa789d4dd/d1/database/3f4d4547-e86b-4cdd-a867-9ebba19c12c9/query (Caused by NameResolutionError("HTTPSConnection(host='api.cloudflare.com', port=443): Failed to resolve 'api.cloudflare.com' ([Errno 11002] getaddrinfo failed)")). Retrying in 5s...
[11:21:21] [93m[WARN][0m Network error communicating with Cloudflare: HTTPSConnectionPool(host='api.cloudflare.com', port=443): Max retries exceeded with url: /client/v4/accounts/948fd75d8b84a5cf20559d6aa789d4dd/d1/database/3f4d4547-e86b-4cdd-a867-9ebba19c12c9/query (Caused by NameResolutionError("HTTPSConnection(host='api.cloudflare.com', port=443): Failed to resolve 'api.cloudflare.com' ([Errno 11002] getaddrinfo failed)")). Retrying in 5s...
[11:21:39] [93m[WARN][0m Network error communicating with Cloudflare: HTTPSConnectionPool(host='api.cloudflare.com', port=443): Max retries exceeded with url: /client/v4/accounts/948fd75d8b84a5cf20559d6aa789d4dd/d1/database/3f4d4547-e86b-4cdd-a867-9ebba19c12c9/query (Caused by NameResolutionError("HTTPSConnection(host='api.cloudflare.com', port=443): Failed to resolve 'api.cloudflare.com' ([Errno 11002] getaddrinfo failed)")). Retrying in 5s...
[11:21:57] [93m[WARN][0m Network error communicating with Cloudflare: HTTPSConnectionPool(host='api.cloudflare.com', port=443): Max retries exceeded with url: /client/v4/accounts/948fd75d8b84a5cf20559d6aa789d4dd/d1/database/3f4d4547-e86b-4cdd-a867-9ebba19c12c9/query (Caused by NameResolutionError("HTTPSConnection(host='api.cloudflare.com', port=443): Failed to resolve 'api.cloudflare.com' ([Errno 11002] getaddrinfo failed)")). Retrying in 5s...
[11:22:15] [93m[WARN][0m Network error communicating with Cloudflare: HTTPSConnectionPool(host='api.cloudflare.com', port=443): Max retries exceeded with url: /client/v4/accounts/948fd75d8b84a5cf20559d6aa789d4dd/d1/database/3f4d4547-e86b-4cdd-a867-9ebba19c12c9/query (Caused by NameResolutionError("HTTPSConnection(host='api.cloudflare.com', port=443): Failed to resolve 'api.cloudflare.com' ([Errno 11002] getaddrinfo failed)")). Retrying in 5s...
[11:22:32] [93m[WARN][0m Network error communicating with Cloudflare: HTTPSConnectionPool(host='api.cloudflare.com', port=443): Max retries exceeded with url: /client/v4/accounts/948fd75d8b84a5cf20559d6aa789d4dd/d1/database/3f4d4547-e86b-4cdd-a867-9ebba19c12c9/query (Caused by NameResolutionError("HTTPSConnection(host='api.cloudflare.com', port=443): Failed to resolve 'api.cloudflare.com' ([Errno 11002] getaddrinfo failed)")). Retrying in 5s...
[11:22:50] [93m[WARN][0m Network error communicating with Cloudflare: HTTPSConnectionPool(host='api.cloudflare.com', port=443): Max retries exceeded with url: /client/v4/accounts/948fd75d8b84a5cf20559d6aa789d4dd/d1/database/3f4d4547-e86b-4cdd-a867-9ebba19c12c9/query (Caused by NameResolutionError("HTTPSConnection(host='api.cloudflare.com', port=443): Failed to resolve 'api.cloudflare.com' ([Errno 11002] getaddrinfo failed)")). Retrying in 5s...
[11:23:08] [93m[WARN][0m Network error communicating with Cloudflare: HTTPSConnectionPool(host='api.cloudflare.com', port=443): Max retries exceeded with url: /client/v4/accounts/948fd75d8b84a5cf20559d6aa789d4dd/d1/database/3f4d4547-e86b-4cdd-a867-9ebba19c12c9/query (Caused by NameResolutionError("HTTPSConnection(host='api.cloudflare.com', port=443): Failed to resolve 'api.cloudflare.com' ([Errno 11002] getaddrinfo failed)")). Retrying in 5s...
[11:23:25] [93m[WARN][0m Network error communicating with Cloudflare: HTTPSConnectionPool(host='api.cloudflare.com', port=443): Max retries exceeded with url: /client/v4/accounts/948fd75d8b84a5cf20559d6aa789d4dd/d1/database/3f4d4547-e86b-4cdd-a867-9ebba19c12c9/query (Caused by NameResolutionError("HTTPSConnection(host='api.cloudflare.com', port=443): Failed to resolve 'api.cloudflare.com' ([Errno 11002] getaddrinfo failed)")). Retrying in 5s...
[11:23:43] [93m[WARN][0m Network error communicating with Cloudflare: HTTPSConnectionPool(host='api.cloudflare.com', port=443): Max retries exceeded with url: /client/v4/accounts/948fd75d8b84a5cf20559d6aa789d4dd/d1/database/3f4d4547-e86b-4cdd-a867-9ebba19c12c9/query (Caused by NameResolutionError("HTTPSConnection(host='api.cloudflare.com', port=443): Failed to resolve 'api.cloudflare.com' ([Errno 11002] getaddrinfo failed)")). Retrying in 5s...
[11:24:00] [93m[WARN][0m Network error communicating with Cloudflare: HTTPSConnectionPool(host='api.cloudflare.com', port=443): Max retries exceeded with url: /client/v4/accounts/948fd75d8b84a5cf20559d6aa789d4dd/d1/database/3f4d4547-e86b-4cdd-a867-9ebba19c12c9/query (Caused by NameResolutionError("HTTPSConnection(host='api.cloudflare.com', port=443): Failed to resolve 'api.cloudflare.com' ([Errno 11002] getaddrinfo failed)")). Retrying in 5s...
[11:24:17] [93m[WARN][0m Network error communicating with Cloudflare: HTTPSConnectionPool(host='api.cloudflare.com', port=443): Max retries exceeded with url: /client/v4/accounts/948fd75d8b84a5cf20559d6aa789d4dd/d1/database/3f4d4547-e86b-4cdd-a867-9ebba19c12c9/query (Caused by NameResolutionError("HTTPSConnection(host='api.cloudflare.com', port=443): Failed to resolve 'api.cloudflare.com' ([Errno 11002] getaddrinfo failed)")). Retrying in 5s...
[11:24:35] [93m[WARN][0m Network error communicating with Cloudflare: HTTPSConnectionPool(host='api.cloudflare.com', port=443): Max retries exceeded with url: /client/v4/accounts/948fd75d8b84a5cf20559d6aa789d4dd/d1/database/3f4d4547-e86b-4cdd-a867-9ebba19c12c9/query (Caused by NameResolutionError("HTTPSConnection(host='api.cloudflare.com', port=443): Failed to resolve 'api.cloudflare.com' ([Errno 11002] getaddrinfo failed)")). Retrying in 5s...
[11:24:54] [93m[WARN][0m Network error communicating with Cloudflare: HTTPSConnectionPool(host='api.cloudflare.com', port=443): Max retries exceeded with url: /client/v4/accounts/948fd75d8b84a5cf20559d6aa789d4dd/d1/database/3f4d4547-e86b-4cdd-a867-9ebba19c12c9/query (Caused by NameResolutionError("HTTPSConnection(host='api.cloudflare.com', port=443): Failed to resolve 'api.cloudflare.com' ([Errno 11002] getaddrinfo failed)")). Retrying in 5s...
[11:25:12] [93m[WARN][0m Network error communicating with Cloudflare: HTTPSConnectionPool(host='api.cloudflare.com', port=443): Max retries exceeded with url: /client/v4/accounts/948fd75d8b84a5cf20559d6aa789d4dd/d1/database/3f4d4547-e86b-4cdd-a867-9ebba19c12c9/query (Caused by NameResolutionError("HTTPSConnection(host='api.cloudflare.com', port=443): Failed to resolve 'api.cloudflare.com' ([Errno 11002] getaddrinfo failed)")). Retrying in 5s...
[11:25:30] [93m[WARN][0m Network error communicating with Cloudflare: HTTPSConnectionPool(host='api.cloudflare.com', port=443): Max retries exceeded with url: /client/v4/accounts/948fd75d8b84a5cf20559d6aa789d4dd/d1/database/3f4d4547-e86b-4cdd-a867-9ebba19c12c9/query (Caused by NameResolutionError("HTTPSConnection(host='api.cloudflare.com', port=443): Failed to resolve 'api.cloudflare.com' ([Errno 11002] getaddrinfo failed)")). Retrying in 5s...
[11:25:48] [93m[WARN][0m Network error communicating with Cloudflare: HTTPSConnectionPool(host='api.cloudflare.com', port=443): Max retries exceeded with url: /client/v4/accounts/948fd75d8b84a5cf20559d6aa789d4dd/d1/database/3f4d4547-e86b-4cdd-a867-9ebba19c12c9/query (Caused by NameResolutionError("HTTPSConnection(host='api.cloudflare.com', port=443): Failed to resolve 'api.cloudflare.com' ([Errno 11002] getaddrinfo failed)")). Retrying in 5s...
[11:26:06] [93m[WARN][0m Network error communicating with Cloudflare: HTTPSConnectionPool(host='api.cloudflare.com', port=443): Max retries exceeded with url: /client/v4/accounts/948fd75d8b84a5cf20559d6aa789d4dd/d1/database/3f4d4547-e86b-4cdd-a867-9ebba19c12c9/query (Caused by NameResolutionError("HTTPSConnection(host='api.cloudflare.com', port=443): Failed to resolve 'api.cloudflare.com' ([Errno 11002] getaddrinfo failed)")). Retrying in 5s...
[11:26:25] [93m[WARN][0m Network error communicating with Cloudflare: HTTPSConnectionPool(host='api.cloudflare.com', port=443): Max retries exceeded with url: /client/v4/accounts/948fd75d8b84a5cf20559d6aa789d4dd/d1/database/3f4d4547-e86b-4cdd-a867-9ebba19c12c9/query (Caused by NameResolutionError("HTTPSConnection(host='api.cloudflare.com', port=443): Failed to resolve 'api.cloudflare.com' ([Errno 11002] getaddrinfo failed)")). Retrying in 5s...
[11:26:42] [93m[WARN][0m Network error communicating with Cloudflare: HTTPSConnectionPool(host='api.cloudflare.com', port=443): Max retries exceeded with url: /client/v4/accounts/948fd75d8b84a5cf20559d6aa789d4dd/d1/database/3f4d4547-e86b-4cdd-a867-9ebba19c12c9/query (Caused by NameResolutionError("HTTPSConnection(host='api.cloudflare.com', port=443): Failed to resolve 'api.cloudflare.com' ([Errno 11002] getaddrinfo failed)")). Retrying in 5s...
[11:27:00] [93m[WARN][0m Network error communicating with Cloudflare: HTTPSConnectionPool(host='api.cloudflare.com', port=443): Max retries exceeded with url: /client/v4/accounts/948fd75d8b84a5cf20559d6aa789d4dd/d1/database/3f4d4547-e86b-4cdd-a867-9ebba19c12c9/query (Caused by NameResolutionError("HTTPSConnection(host='api.cloudflare.com', port=443): Failed to resolve 'api.cloudflare.com' ([Errno 11002] getaddrinfo failed)")). Retrying in 5s...
[11:27:19] [93m[WARN][0m Network error communicating with Cloudflare: HTTPSConnectionPool(host='api.cloudflare.com', port=443): Max retries exceeded with url: /client/v4/accounts/948fd75d8b84a5cf20559d6aa789d4dd/d1/database/3f4d4547-e86b-4cdd-a867-9ebba19c12c9/query (Caused by NameResolutionError("HTTPSConnection(host='api.cloudflare.com', port=443): Failed to resolve 'api.cloudflare.com' ([Errno 11002] getaddrinfo failed)")). Retrying in 5s...
[11:27:36] [93m[WARN][0m Network error communicating with Cloudflare: HTTPSConnectionPool(host='api.cloudflare.com', port=443): Max retries exceeded with url: /client/v4/accounts/948fd75d8b84a5cf20559d6aa789d4dd/d1/database/3f4d4547-e86b-4cdd-a867-9ebba19c12c9/query (Caused by NameResolutionError("HTTPSConnection(host='api.cloudflare.com', port=443): Failed to resolve 'api.cloudflare.com' ([Errno 11002] getaddrinfo failed)")). Retrying in 5s...
[11:27:55] [93m[WARN][0m Network error communicating with Cloudflare: HTTPSConnectionPool(host='api.cloudflare.com', port=443): Max retries exceeded with url: /client/v4/accounts/948fd75d8b84a5cf20559d6aa789d4dd/d1/database/3f4d4547-e86b-4cdd-a867-9ebba19c12c9/query (Caused by NameResolutionError("HTTPSConnection(host='api.cloudflare.com', port=443): Failed to resolve 'api.cloudflare.com' ([Errno 11002] getaddrinfo failed)")). Retrying in 5s...
[11:28:13] [93m[WARN][0m Network error communicating with Cloudflare: HTTPSConnectionPool(host='api.cloudflare.com', port=443): Max retries exceeded with url: /client/v4/accounts/948fd75d8b84a5cf20559d6aa789d4dd/d1/database/3f4d4547-e86b-4cdd-a867-9ebba19c12c9/query (Caused by NameResolutionError("HTTPSConnection(host='api.cloudflare.com', port=443): Failed to resolve 'api.cloudflare.com' ([Errno 11002] getaddrinfo failed)")). Retrying in 5s...
[11:28:31] [93m[WARN][0m Network error communicating with Cloudflare: HTTPSConnectionPool(host='api.cloudflare.com', port=443): Max retries exceeded with url: /client/v4/accounts/948fd75d8b84a5cf20559d6aa789d4dd/d1/database/3f4d4547-e86b-4cdd-a867-9ebba19c12c9/query (Caused by NameResolutionError("HTTPSConnection(host='api.cloudflare.com', port=443): Failed to resolve 'api.cloudflare.com' ([Errno 11002] getaddrinfo failed)")). Retrying in 5s...
[11:28:49] [93m[WARN][0m Network error communicating with Cloudflare: HTTPSConnectionPool(host='api.cloudflare.com', port=443): Max retries exceeded with url: /client/v4/accounts/948fd75d8b84a5cf20559d6aa789d4dd/d1/database/3f4d4547-e86b-4cdd-a867-9ebba19c12c9/query (Caused by NameResolutionError("HTTPSConnection(host='api.cloudflare.com', port=443): Failed to resolve 'api.cloudflare.com' ([Errno 11002] getaddrinfo failed)")). Retrying in 5s...
[11:29:07] [93m[WARN][0m Network error communicating with Cloudflare: HTTPSConnectionPool(host='api.cloudflare.com', port=443): Max retries exceeded with url: /client/v4/accounts/948fd75d8b84a5cf20559d6aa789d4dd/d1/database/3f4d4547-e86b-4cdd-a867-9ebba19c12c9/query (Caused by NameResolutionError("HTTPSConnection(host='api.cloudflare.com', port=443): Failed to resolve 'api.cloudflare.com' ([Errno 11002] getaddrinfo failed)")). Retrying in 5s...
[11:29:25] [93m[WARN][0m Network error communicating with Cloudflare: HTTPSConnectionPool(host='api.cloudflare.com', port=443): Max retries exceeded with url: /client/v4/accounts/948fd75d8b84a5cf20559d6aa789d4dd/d1/database/3f4d4547-e86b-4cdd-a867-9ebba19c12c9/query (Caused by NameResolutionError("HTTPSConnection(host='api.cloudflare.com', port=443): Failed to resolve 'api.cloudflare.com' ([Errno 11002] getaddrinfo failed)")). Retrying in 5s...
[11:29:43] [93m[WARN][0m Network error communicating with Cloudflare: HTTPSConnectionPool(host='api.cloudflare.com', port=443): Max retries exceeded with url: /client/v4/accounts/948fd75d8b84a5cf20559d6aa789d4dd/d1/database/3f4d4547-e86b-4cdd-a867-9ebba19c12c9/query (Caused by NameResolutionError("HTTPSConnection(host='api.cloudflare.com', port=443): Failed to resolve 'api.cloudflare.com' ([Errno 11002] getaddrinfo failed)")). Retrying in 5s...
[11:30:01] [93m[WARN][0m Network error communicating with Cloudflare: HTTPSConnectionPool(host='api.cloudflare.com', port=443): Max retries exceeded with url: /client/v4/accounts/948fd75d8b84a5cf20559d6aa789d4dd/d1/database/3f4d4547-e86b-4cdd-a867-9ebba19c12c9/query (Caused by NameResolutionError("HTTPSConnection(host='api.cloudflare.com', port=443): Failed to resolve 'api.cloudflare.com' ([Errno 11002] getaddrinfo failed)")). Retrying in 5s...
[11:30:19] [93m[WARN][0m Network error communicating with Cloudflare: HTTPSConnectionPool(host='api.cloudflare.com', port=443): Max retries exceeded with url: /client/v4/accounts/948fd75d8b84a5cf20559d6aa789d4dd/d1/database/3f4d4547-e86b-4cdd-a867-9ebba19c12c9/query (Caused by NameResolutionError("HTTPSConnection(host='api.cloudflare.com', port=443): Failed to resolve 'api.cloudflare.com' ([Errno 11002] getaddrinfo failed)")). Retrying in 5s...
[11:30:37] [93m[WARN][0m Network error communicating with Cloudflare: HTTPSConnectionPool(host='api.cloudflare.com', port=443): Max retries exceeded with url: /client/v4/accounts/948fd75d8b84a5cf20559d6aa789d4dd/d1/database/3f4d4547-e86b-4cdd-a867-9ebba19c12c9/query (Caused by NameResolutionError("HTTPSConnection(host='api.cloudflare.com', port=443): Failed to resolve 'api.cloudflare.com' ([Errno 11002] getaddrinfo failed)")). Retrying in 5s...
[11:30:54] [93m[WARN][0m Network error communicating with Cloudflare: HTTPSConnectionPool(host='api.cloudflare.com', port=443): Max retries exceeded with url: /client/v4/accounts/948fd75d8b84a5cf20559d6aa789d4dd/d1/database/3f4d4547-e86b-4cdd-a867-9ebba19c12c9/query (Caused by NameResolutionError("HTTPSConnection(host='api.cloudflare.com', port=443): Failed to resolve 'api.cloudflare.com' ([Errno 11002] getaddrinfo failed)")). Retrying in 5s...
[11:31:12] [93m[WARN][0m Network error communicating with Cloudflare: HTTPSConnectionPool(host='api.cloudflare.com', port=443): Max retries exceeded with url: /client/v4/accounts/948fd75d8b84a5cf20559d6aa789d4dd/d1/database/3f4d4547-e86b-4cdd-a867-9ebba19c12c9/query (Caused by NameResolutionError("HTTPSConnection(host='api.cloudflare.com', port=443): Failed to resolve 'api.cloudflare.com' ([Errno 11002] getaddrinfo failed)")). Retrying in 5s...
[11:31:30] [93m[WARN][0m Network error communicating with Cloudflare: HTTPSConnectionPool(host='api.cloudflare.com', port=443): Max retries exceeded with url: /client/v4/accounts/948fd75d8b84a5cf20559d6aa789d4dd/d1/database/3f4d4547-e86b-4cdd-a867-9ebba19c12c9/query (Caused by NameResolutionError("HTTPSConnection(host='api.cloudflare.com', port=443): Failed to resolve 'api.cloudflare.com' ([Errno 11002] getaddrinfo failed)")). Retrying in 5s...
[11:31:49] [93m[WARN][0m Network error communicating with Cloudflare: HTTPSConnectionPool(host='api.cloudflare.com', port=443): Max retries exceeded with url: /client/v4/accounts/948fd75d8b84a5cf20559d6aa789d4dd/d1/database/3f4d4547-e86b-4cdd-a867-9ebba19c12c9/query (Caused by NameResolutionError("HTTPSConnection(host='api.cloudflare.com', port=443): Failed to resolve 'api.cloudflare.com' ([Errno 11002] getaddrinfo failed)")). Retrying in 5s...
[11:32:08] [93m[WARN][0m Network error communicating with Cloudflare: HTTPSConnectionPool(host='api.cloudflare.com', port=443): Max retries exceeded with url: /client/v4/accounts/948fd75d8b84a5cf20559d6aa789d4dd/d1/database/3f4d4547-e86b-4cdd-a867-9ebba19c12c9/query (Caused by NameResolutionError("HTTPSConnection(host='api.cloudflare.com', port=443): Failed to resolve 'api.cloudflare.com' ([Errno 11002] getaddrinfo failed)")). Retrying in 5s...
[11:32:26] [93m[WARN][0m Network error communicating with Cloudflare: HTTPSConnectionPool(host='api.cloudflare.com', port=443): Max retries exceeded with url: /client/v4/accounts/948fd75d8b84a5cf20559d6aa789d4dd/d1/database/3f4d4547-e86b-4cdd-a867-9ebba19c12c9/query (Caused by NameResolutionError("HTTPSConnection(host='api.cloudflare.com', port=443): Failed to resolve 'api.cloudflare.com' ([Errno 11002] getaddrinfo failed)")). Retrying in 5s...
[11:32:45] [93m[WARN][0m Network error communicating with Cloudflare: HTTPSConnectionPool(host='api.cloudflare.com', port=443): Max retries exceeded with url: /client/v4/accounts/948fd75d8b84a5cf20559d6aa789d4dd/d1/database/3f4d4547-e86b-4cdd-a867-9ebba19c12c9/query (Caused by NameResolutionError("HTTPSConnection(host='api.cloudflare.com', port=443): Failed to resolve 'api.cloudflare.com' ([Errno 11002] getaddrinfo failed)")). Retrying in 5s...
[11:33:03] [93m[WARN][0m Network error communicating with Cloudflare: HTTPSConnectionPool(host='api.cloudflare.com', port=443): Max retries exceeded with url: /client/v4/accounts/948fd75d8b84a5cf20559d6aa789d4dd/d1/database/3f4d4547-e86b-4cdd-a867-9ebba19c12c9/query (Caused by NameResolutionError("HTTPSConnection(host='api.cloudflare.com', port=443): Failed to resolve 'api.cloudflare.com' ([Errno 11002] getaddrinfo failed)")). Retrying in 5s...
[11:33:21] [93m[WARN][0m Network error communicating with Cloudflare: HTTPSConnectionPool(host='api.cloudflare.com', port=443): Max retries exceeded with url: /client/v4/accounts/948fd75d8b84a5cf20559d6aa789d4dd/d1/database/3f4d4547-e86b-4cdd-a867-9ebba19c12c9/query (Caused by NameResolutionError("HTTPSConnection(host='api.cloudflare.com', port=443): Failed to resolve 'api.cloudflare.com' ([Errno 11002] getaddrinfo failed)")). Retrying in 5s...
[11:33:40] [93m[WARN][0m Network error communicating with Cloudflare: HTTPSConnectionPool(host='api.cloudflare.com', port=443): Max retries exceeded with url: /client/v4/accounts/948fd75d8b84a5cf20559d6aa789d4dd/d1/database/3f4d4547-e86b-4cdd-a867-9ebba19c12c9/query (Caused by NameResolutionError("HTTPSConnection(host='api.cloudflare.com', port=443): Failed to resolve 'api.cloudflare.com' ([Errno 11002] getaddrinfo failed)")). Retrying in 5s...
[11:33:58] [93m[WARN][0m Network error communicating with Cloudflare: HTTPSConnectionPool(host='api.cloudflare.com', port=443): Max retries exceeded with url: /client/v4/accounts/948fd75d8b84a5cf20559d6aa789d4dd/d1/database/3f4d4547-e86b-4cdd-a867-9ebba19c12c9/query (Caused by NameResolutionError("HTTPSConnection(host='api.cloudflare.com', port=443): Failed to resolve 'api.cloudflare.com' ([Errno 11002] getaddrinfo failed)")). Retrying in 5s...
[11:34:16] [93m[WARN][0m Network error communicating with Cloudflare: HTTPSConnectionPool(host='api.cloudflare.com', port=443): Max retries exceeded with url: /client/v4/accounts/948fd75d8b84a5cf20559d6aa789d4dd/d1/database/3f4d4547-e86b-4cdd-a867-9ebba19c12c9/query (Caused by NameResolutionError("HTTPSConnection(host='api.cloudflare.com', port=443): Failed to resolve 'api.cloudflare.com' ([Errno 11002] getaddrinfo failed)")). Retrying in 5s...
[11:34:34] [93m[WARN][0m Network error communicating with Cloudflare: HTTPSConnectionPool(host='api.cloudflare.com', port=443): Max retries exceeded with url: /client/v4/accounts/948fd75d8b84a5cf20559d6aa789d4dd/d1/database/3f4d4547-e86b-4cdd-a867-9ebba19c12c9/query (Caused by NameResolutionError("HTTPSConnection(host='api.cloudflare.com', port=443): Failed to resolve 'api.cloudflare.com' ([Errno 11002] getaddrinfo failed)")). Retrying in 5s...
[11:34:52] [93m[WARN][0m Network error communicating with Cloudflare: HTTPSConnectionPool(host='api.cloudflare.com', port=443): Max retries exceeded with url: /client/v4/accounts/948fd75d8b84a5cf20559d6aa789d4dd/d1/database/3f4d4547-e86b-4cdd-a867-9ebba19c12c9/query (Caused by NameResolutionError("HTTPSConnection(host='api.cloudflare.com', port=443): Failed to resolve 'api.cloudflare.com' ([Errno 11002] getaddrinfo failed)")). Retrying in 5s...
[11:35:10] [93m[WARN][0m Network error communicating with Cloudflare: HTTPSConnectionPool(host='api.cloudflare.com', port=443): Max retries exceeded with url: /client/v4/accounts/948fd75d8b84a5cf20559d6aa789d4dd/d1/database/3f4d4547-e86b-4cdd-a867-9ebba19c12c9/query (Caused by NameResolutionError("HTTPSConnection(host='api.cloudflare.com', port=443): Failed to resolve 'api.cloudflare.com' ([Errno 11002] getaddrinfo failed)")). Retrying in 5s...
[11:35:28] [93m[WARN][0m Network error communicating with Cloudflare: HTTPSConnectionPool(host='api.cloudflare.com', port=443): Max retries exceeded with url: /client/v4/accounts/948fd75d8b84a5cf20559d6aa789d4dd/d1/database/3f4d4547-e86b-4cdd-a867-9ebba19c12c9/query (Caused by NameResolutionError("HTTPSConnection(host='api.cloudflare.com', port=443): Failed to resolve 'api.cloudflare.com' ([Errno 11002] getaddrinfo failed)")). Retrying in 5s...
[11:35:45] [93m[WARN][0m Network error communicating with Cloudflare: HTTPSConnectionPool(host='api.cloudflare.com', port=443): Max retries exceeded with url: /client/v4/accounts/948fd75d8b84a5cf20559d6aa789d4dd/d1/database/3f4d4547-e86b-4cdd-a867-9ebba19c12c9/query (Caused by NameResolutionError("HTTPSConnection(host='api.cloudflare.com', port=443): Failed to resolve 'api.cloudflare.com' ([Errno 11002] getaddrinfo failed)")). Retrying in 5s...
[11:36:03] [93m[WARN][0m Network error communicating with Cloudflare: HTTPSConnectionPool(host='api.cloudflare.com', port=443): Max retries exceeded with url: /client/v4/accounts/948fd75d8b84a5cf20559d6aa789d4dd/d1/database/3f4d4547-e86b-4cdd-a867-9ebba19c12c9/query (Caused by NameResolutionError("HTTPSConnection(host='api.cloudflare.com', port=443): Failed to resolve 'api.cloudflare.com' ([Errno 11002] getaddrinfo failed)")). Retrying in 5s...
[11:36:21] [93m[WARN][0m Network error communicating with Cloudflare: HTTPSConnectionPool(host='api.cloudflare.com', port=443): Max retries exceeded with url: /client/v4/accounts/948fd75d8b84a5cf20559d6aa789d4dd/d1/database/3f4d4547-e86b-4cdd-a867-9ebba19c12c9/query (Caused by NameResolutionError("HTTPSConnection(host='api.cloudflare.com', port=443): Failed to resolve 'api.cloudflare.com' ([Errno 11002] getaddrinfo failed)")). Retrying in 5s...
[11:36:39] [93m[WARN][0m Network error communicating with Cloudflare: HTTPSConnectionPool(host='api.cloudflare.com', port=443): Max retries exceeded with url: /client/v4/accounts/948fd75d8b84a5cf20559d6aa789d4dd/d1/database/3f4d4547-e86b-4cdd-a867-9ebba19c12c9/query (Caused by NameResolutionError("HTTPSConnection(host='api.cloudflare.com', port=443): Failed to resolve 'api.cloudflare.com' ([Errno 11002] getaddrinfo failed)")). Retrying in 5s...
[11:36:57] [93m[WARN][0m Network error communicating with Cloudflare: HTTPSConnectionPool(host='api.cloudflare.com', port=443): Max retries exceeded with url: /client/v4/accounts/948fd75d8b84a5cf20559d6aa789d4dd/d1/database/3f4d4547-e86b-4cdd-a867-9ebba19c12c9/query (Caused by NameResolutionError("HTTPSConnection(host='api.cloudflare.com', port=443): Failed to resolve 'api.cloudflare.com' ([Errno 11002] getaddrinfo failed)")). Retrying in 5s...
[11:37:15] [93m[WARN][0m Network error communicating with Cloudflare: HTTPSConnectionPool(host='api.cloudflare.com', port=443): Max retries exceeded with url: /client/v4/accounts/948fd75d8b84a5cf20559d6aa789d4dd/d1/database/3f4d4547-e86b-4cdd-a867-9ebba19c12c9/query (Caused by NameResolutionError("HTTPSConnection(host='api.cloudflare.com', port=443): Failed to resolve 'api.cloudflare.com' ([Errno 11002] getaddrinfo failed)")). Retrying in 5s...
[11:37:34] [93m[WARN][0m Network error communicating with Cloudflare: HTTPSConnectionPool(host='api.cloudflare.com', port=443): Max retries exceeded with url: /client/v4/accounts/948fd75d8b84a5cf20559d6aa789d4dd/d1/database/3f4d4547-e86b-4cdd-a867-9ebba19c12c9/query (Caused by NameResolutionError("HTTPSConnection(host='api.cloudflare.com', port=443): Failed to resolve 'api.cloudflare.com' ([Errno 11002] getaddrinfo failed)")). Retrying in 5s...
[11:37:52] [93m[WARN][0m Network error communicating with Cloudflare: HTTPSConnectionPool(host='api.cloudflare.com', port=443): Max retries exceeded with url: /client/v4/accounts/948fd75d8b84a5cf20559d6aa789d4dd/d1/database/3f4d4547-e86b-4cdd-a867-9ebba19c12c9/query (Caused by NameResolutionError("HTTPSConnection(host='api.cloudflare.com', port=443): Failed to resolve 'api.cloudflare.com' ([Errno 11002] getaddrinfo failed)")). Retrying in 5s...
[11:38:10] [93m[WARN][0m Network error communicating with Cloudflare: HTTPSConnectionPool(host='api.cloudflare.com', port=443): Max retries exceeded with url: /client/v4/accounts/948fd75d8b84a5cf20559d6aa789d4dd/d1/database/3f4d4547-e86b-4cdd-a867-9ebba19c12c9/query (Caused by NameResolutionError("HTTPSConnection(host='api.cloudflare.com', port=443): Failed to resolve 'api.cloudflare.com' ([Errno 11002] getaddrinfo failed)")). Retrying in 5s...
[11:38:29] [93m[WARN][0m Network error communicating with Cloudflare: HTTPSConnectionPool(host='api.cloudflare.com', port=443): Max retries exceeded with url: /client/v4/accounts/948fd75d8b84a5cf20559d6aa789d4dd/d1/database/3f4d4547-e86b-4cdd-a867-9ebba19c12c9/query (Caused by NameResolutionError("HTTPSConnection(host='api.cloudflare.com', port=443): Failed to resolve 'api.cloudflare.com' ([Errno 11002] getaddrinfo failed)")). Retrying in 5s...
[11:38:47] [93m[WARN][0m Network error communicating with Cloudflare: HTTPSConnectionPool(host='api.cloudflare.com', port=443): Max retries exceeded with url: /client/v4/accounts/948fd75d8b84a5cf20559d6aa789d4dd/d1/database/3f4d4547-e86b-4cdd-a867-9ebba19c12c9/query (Caused by NameResolutionError("HTTPSConnection(host='api.cloudflare.com', port=443): Failed to resolve 'api.cloudflare.com' ([Errno 11002] getaddrinfo failed)")). Retrying in 5s...
[11:39:05] [93m[WARN][0m Network error communicating with Cloudflare: HTTPSConnectionPool(host='api.cloudflare.com', port=443): Max retries exceeded with url: /client/v4/accounts/948fd75d8b84a5cf20559d6aa789d4dd/d1/database/3f4d4547-e86b-4cdd-a867-9ebba19c12c9/query (Caused by NameResolutionError("HTTPSConnection(host='api.cloudflare.com', port=443): Failed to resolve 'api.cloudflare.com' ([Errno 11002] getaddrinfo failed)")). Retrying in 5s...
[11:39:23] [93m[WARN][0m Network error communicating with Cloudflare: HTTPSConnectionPool(host='api.cloudflare.com', port=443): Max retries exceeded with url: /client/v4/accounts/948fd75d8b84a5cf20559d6aa789d4dd/d1/database/3f4d4547-e86b-4cdd-a867-9ebba19c12c9/query (Caused by NameResolutionError("HTTPSConnection(host='api.cloudflare.com', port=443): Failed to resolve 'api.cloudflare.com' ([Errno 11002] getaddrinfo failed)")). Retrying in 5s...
[11:39:41] [93m[WARN][0m Network error communicating with Cloudflare: HTTPSConnectionPool(host='api.cloudflare.com', port=443): Max retries exceeded with url: /client/v4/accounts/948fd75d8b84a5cf20559d6aa789d4dd/d1/database/3f4d4547-e86b-4cdd-a867-9ebba19c12c9/query (Caused by NameResolutionError("HTTPSConnection(host='api.cloudflare.com', port=443): Failed to resolve 'api.cloudflare.com' ([Errno 11002] getaddrinfo failed)")). Retrying in 5s...
[11:39:59] [93m[WARN][0m Network error communicating with Cloudflare: HTTPSConnectionPool(host='api.cloudflare.com', port=443): Max retries exceeded with url: /client/v4/accounts/948fd75d8b84a5cf20559d6aa789d4dd/d1/database/3f4d4547-e86b-4cdd-a867-9ebba19c12c9/query (Caused by NameResolutionError("HTTPSConnection(host='api.cloudflare.com', port=443): Failed to resolve 'api.cloudflare.com' ([Errno 11002] getaddrinfo failed)")). Retrying in 5s...
[11:40:17] [93m[WARN][0m Network error communicating with Cloudflare: HTTPSConnectionPool(host='api.cloudflare.com', port=443): Max retries exceeded with url: /client/v4/accounts/948fd75d8b84a5cf20559d6aa789d4dd/d1/database/3f4d4547-e86b-4cdd-a867-9ebba19c12c9/query (Caused by NameResolutionError("HTTPSConnection(host='api.cloudflare.com', port=443): Failed to resolve 'api.cloudflare.com' ([Errno 11002] getaddrinfo failed)")). Retrying in 5s...
[11:40:36] [93m[WARN][0m Network error communicating with Cloudflare: HTTPSConnectionPool(host='api.cloudflare.com', port=443): Max retries exceeded with url: /client/v4/accounts/948fd75d8b84a5cf20559d6aa789d4dd/d1/database/3f4d4547-e86b-4cdd-a867-9ebba19c12c9/query (Caused by NameResolutionError("HTTPSConnection(host='api.cloudflare.com', port=443): Failed to resolve 'api.cloudflare.com' ([Errno 11002] getaddrinfo failed)")). Retrying in 5s...
[11:40:54] [93m[WARN][0m Network error communicating with Cloudflare: HTTPSConnectionPool(host='api.cloudflare.com', port=443): Max retries exceeded with url: /client/v4/accounts/948fd75d8b84a5cf20559d6aa789d4dd/d1/database/3f4d4547-e86b-4cdd-a867-9ebba19c12c9/query (Caused by NameResolutionError("HTTPSConnection(host='api.cloudflare.com', port=443): Failed to resolve 'api.cloudflare.com' ([Errno 11002] getaddrinfo failed)")). Retrying in 5s...
[11:41:12] [93m[WARN][0m Network error communicating with Cloudflare: HTTPSConnectionPool(host='api.cloudflare.com', port=443): Max retries exceeded with url: /client/v4/accounts/948fd75d8b84a5cf20559d6aa789d4dd/d1/database/3f4d4547-e86b-4cdd-a867-9ebba19c12c9/query (Caused by NameResolutionError("HTTPSConnection(host='api.cloudflare.com', port=443): Failed to resolve 'api.cloudflare.com' ([Errno 11002] getaddrinfo failed)")). Retrying in 5s...
[11:41:31] [93m[WARN][0m Network error communicating with Cloudflare: HTTPSConnectionPool(host='api.cloudflare.com', port=443): Max retries exceeded with url: /client/v4/accounts/948fd75d8b84a5cf20559d6aa789d4dd/d1/database/3f4d4547-e86b-4cdd-a867-9ebba19c12c9/query (Caused by NameResolutionError("HTTPSConnection(host='api.cloudflare.com', port=443): Failed to resolve 'api.cloudflare.com' ([Errno 11002] getaddrinfo failed)")). Retrying in 5s...
[11:41:48] [93m[WARN][0m Network error communicating with Cloudflare: HTTPSConnectionPool(host='api.cloudflare.com', port=443): Max retries exceeded with url: /client/v4/accounts/948fd75d8b84a5cf20559d6aa789d4dd/d1/database/3f4d4547-e86b-4cdd-a867-9ebba19c12c9/query (Caused by NameResolutionError("HTTPSConnection(host='api.cloudflare.com', port=443): Failed to resolve 'api.cloudflare.com' ([Errno 11002] getaddrinfo failed)")). Retrying in 5s...
[11:42:07] [93m[WARN][0m Network error communicating with Cloudflare: HTTPSConnectionPool(host='api.cloudflare.com', port=443): Max retries exceeded with url: /client/v4/accounts/948fd75d8b84a5cf20559d6aa789d4dd/d1/database/3f4d4547-e86b-4cdd-a867-9ebba19c12c9/query (Caused by NameResolutionError("HTTPSConnection(host='api.cloudflare.com', port=443): Failed to resolve 'api.cloudflare.com' ([Errno 11002] getaddrinfo failed)")). Retrying in 5s...
[11:42:25] [93m[WARN][0m Network error communicating with Cloudflare: HTTPSConnectionPool(host='api.cloudflare.com', port=443): Max retries exceeded with url: /client/v4/accounts/948fd75d8b84a5cf20559d6aa789d4dd/d1/database/3f4d4547-e86b-4cdd-a867-9ebba19c12c9/query (Caused by NameResolutionError("HTTPSConnection(host='api.cloudflare.com', port=443): Failed to resolve 'api.cloudflare.com' ([Errno 11002] getaddrinfo failed)")). Retrying in 5s...
[11:42:43] [93m[WARN][0m Network error communicating with Cloudflare: HTTPSConnectionPool(host='api.cloudflare.com', port=443): Max retries exceeded with url: /client/v4/accounts/948fd75d8b84a5cf20559d6aa789d4dd/d1/database/3f4d4547-e86b-4cdd-a867-9ebba19c12c9/query (Caused by NameResolutionError("HTTPSConnection(host='api.cloudflare.com', port=443): Failed to resolve 'api.cloudflare.com' ([Errno 11002] getaddrinfo failed)")). Retrying in 5s...
[11:43:01] [93m[WARN][0m Network error communicating with Cloudflare: HTTPSConnectionPool(host='api.cloudflare.com', port=443): Max retries exceeded with url: /client/v4/accounts/948fd75d8b84a5cf20559d6aa789d4dd/d1/database/3f4d4547-e86b-4cdd-a867-9ebba19c12c9/query (Caused by NameResolutionError("HTTPSConnection(host='api.cloudflare.com', port=443): Failed to resolve 'api.cloudflare.com' ([Errno 11002] getaddrinfo failed)")). Retrying in 5s...
[11:43:19] [93m[WARN][0m Network error communicating with Cloudflare: HTTPSConnectionPool(host='api.cloudflare.com', port=443): Max retries exceeded with url: /client/v4/accounts/948fd75d8b84a5cf20559d6aa789d4dd/d1/database/3f4d4547-e86b-4cdd-a867-9ebba19c12c9/query (Caused by NameResolutionError("HTTPSConnection(host='api.cloudflare.com', port=443): Failed to resolve 'api.cloudflare.com' ([Errno 11002] getaddrinfo failed)")). Retrying in 5s...
[11:43:38] [93m[WARN][0m Network error communicating with Cloudflare: HTTPSConnectionPool(host='api.cloudflare.com', port=443): Max retries exceeded with url: /client/v4/accounts/948fd75d8b84a5cf20559d6aa789d4dd/d1/database/3f4d4547-e86b-4cdd-a867-9ebba19c12c9/query (Caused by NameResolutionError("HTTPSConnection(host='api.cloudflare.com', port=443): Failed to resolve 'api.cloudflare.com' ([Errno 11002] getaddrinfo failed)")). Retrying in 5s...
[11:43:55] [93m[WARN][0m Network error communicating with Cloudflare: HTTPSConnectionPool(host='api.cloudflare.com', port=443): Max retries exceeded with url: /client/v4/accounts/948fd75d8b84a5cf20559d6aa789d4dd/d1/database/3f4d4547-e86b-4cdd-a867-9ebba19c12c9/query (Caused by NameResolutionError("HTTPSConnection(host='api.cloudflare.com', port=443): Failed to resolve 'api.cloudflare.com' ([Errno 11002] getaddrinfo failed)")). Retrying in 5s...
[11:44:14] [93m[WARN][0m Network error communicating with Cloudflare: HTTPSConnectionPool(host='api.cloudflare.com', port=443): Max retries exceeded with url: /client/v4/accounts/948fd75d8b84a5cf20559d6aa789d4dd/d1/database/3f4d4547-e86b-4cdd-a867-9ebba19c12c9/query (Caused by NameResolutionError("HTTPSConnection(host='api.cloudflare.com', port=443): Failed to resolve 'api.cloudflare.com' ([Errno 11002] getaddrinfo failed)")). Retrying in 5s...
[11:44:33] [93m[WARN][0m Network error communicating with Cloudflare: HTTPSConnectionPool(host='api.cloudflare.com', port=443): Max retries exceeded with url: /client/v4/accounts/948fd75d8b84a5cf20559d6aa789d4dd/d1/database/3f4d4547-e86b-4cdd-a867-9ebba19c12c9/query (Caused by NameResolutionError("HTTPSConnection(host='api.cloudflare.com', port=443): Failed to resolve 'api.cloudflare.com' ([Errno 11002] getaddrinfo failed)")). Retrying in 5s...
[11:44:51] [93m[WARN][0m Network error communicating with Cloudflare: HTTPSConnectionPool(host='api.cloudflare.com', port=443): Max retries exceeded with url: /client/v4/accounts/948fd75d8b84a5cf20559d6aa789d4dd/d1/database/3f4d4547-e86b-4cdd-a867-9ebba19c12c9/query (Caused by NameResolutionError("HTTPSConnection(host='api.cloudflare.com', port=443): Failed to resolve 'api.cloudflare.com' ([Errno 11002] getaddrinfo failed)")). Retrying in 5s...
[11:45:08] [93m[WARN][0m Network error communicating with Cloudflare: HTTPSConnectionPool(host='api.cloudflare.com', port=443): Max retries exceeded with url: /client/v4/accounts/948fd75d8b84a5cf20559d6aa789d4dd/d1/database/3f4d4547-e86b-4cdd-a867-9ebba19c12c9/query (Caused by NameResolutionError("HTTPSConnection(host='api.cloudflare.com', port=443): Failed to resolve 'api.cloudflare.com' ([Errno 11002] getaddrinfo failed)")). Retrying in 5s...
[11:45:26] [93m[WARN][0m Network error communicating with Cloudflare: HTTPSConnectionPool(host='api.cloudflare.com', port=443): Max retries exceeded with url: /client/v4/accounts/948fd75d8b84a5cf20559d6aa789d4dd/d1/database/3f4d4547-e86b-4cdd-a867-9ebba19c12c9/query (Caused by NameResolutionError("HTTPSConnection(host='api.cloudflare.com', port=443): Failed to resolve 'api.cloudflare.com' ([Errno 11002] getaddrinfo failed)")). Retrying in 5s...
[11:45:45] [93m[WARN][0m Network error communicating with Cloudflare: HTTPSConnectionPool(host='api.cloudflare.com', port=443): Max retries exceeded with url: /client/v4/accounts/948fd75d8b84a5cf20559d6aa789d4dd/d1/database/3f4d4547-e86b-4cdd-a867-9ebba19c12c9/query (Caused by NameResolutionError("HTTPSConnection(host='api.cloudflare.com', port=443): Failed to resolve 'api.cloudflare.com' ([Errno 11002] getaddrinfo failed)")). Retrying in 5s...
[11:46:02] [93m[WARN][0m Network error communicating with Cloudflare: HTTPSConnectionPool(host='api.cloudflare.com', port=443): Max retries exceeded with url: /client/v4/accounts/948fd75d8b84a5cf20559d6aa789d4dd/d1/database/3f4d4547-e86b-4cdd-a867-9ebba19c12c9/query (Caused by NameResolutionError("HTTPSConnection(host='api.cloudflare.com', port=443): Failed to resolve 'api.cloudflare.com' ([Errno 11002] getaddrinfo failed)")). Retrying in 5s...
[11:46:20] [93m[WARN][0m Network error communicating with Cloudflare: HTTPSConnectionPool(host='api.cloudflare.com', port=443): Max retries exceeded with url: /client/v4/accounts/948fd75d8b84a5cf20559d6aa789d4dd/d1/database/3f4d4547-e86b-4cdd-a867-9ebba19c12c9/query (Caused by NameResolutionError("HTTPSConnection(host='api.cloudflare.com', port=443): Failed to resolve 'api.cloudflare.com' ([Errno 11002] getaddrinfo failed)")). Retrying in 5s...
[11:46:38] [93m[WARN][0m Network error communicating with Cloudflare: HTTPSConnectionPool(host='api.cloudflare.com', port=443): Max retries exceeded with url: /client/v4/accounts/948fd75d8b84a5cf20559d6aa789d4dd/d1/database/3f4d4547-e86b-4cdd-a867-9ebba19c12c9/query (Caused by NameResolutionError("HTTPSConnection(host='api.cloudflare.com', port=443): Failed to resolve 'api.cloudflare.com' ([Errno 11002] getaddrinfo failed)")). Retrying in 5s...
[11:46:56] [93m[WARN][0m Network error communicating with Cloudflare: HTTPSConnectionPool(host='api.cloudflare.com', port=443): Max retries exceeded with url: /client/v4/accounts/948fd75d8b84a5cf20559d6aa789d4dd/d1/database/3f4d4547-e86b-4cdd-a867-9ebba19c12c9/query (Caused by NameResolutionError("HTTPSConnection(host='api.cloudflare.com', port=443): Failed to resolve 'api.cloudflare.com' ([Errno 11002] getaddrinfo failed)")). Retrying in 5s...
[11:47:14] [93m[WARN][0m Network error communicating with Cloudflare: HTTPSConnectionPool(host='api.cloudflare.com', port=443): Max retries exceeded with url: /client/v4/accounts/948fd75d8b84a5cf20559d6aa789d4dd/d1/database/3f4d4547-e86b-4cdd-a867-9ebba19c12c9/query (Caused by NameResolutionError("HTTPSConnection(host='api.cloudflare.com', port=443): Failed to resolve 'api.cloudflare.com' ([Errno 11002] getaddrinfo failed)")). Retrying in 5s...
[11:47:33] [93m[WARN][0m Network error communicating with Cloudflare: HTTPSConnectionPool(host='api.cloudflare.com', port=443): Max retries exceeded with url: /client/v4/accounts/948fd75d8b84a5cf20559d6aa789d4dd/d1/database/3f4d4547-e86b-4cdd-a867-9ebba19c12c9/query (Caused by NameResolutionError("HTTPSConnection(host='api.cloudflare.com', port=443): Failed to resolve 'api.cloudflare.com' ([Errno 11002] getaddrinfo failed)")). Retrying in 5s...
[11:47:52] [93m[WARN][0m Network error communicating with Cloudflare: HTTPSConnectionPool(host='api.cloudflare.com', port=443): Max retries exceeded with url: /client/v4/accounts/948fd75d8b84a5cf20559d6aa789d4dd/d1/database/3f4d4547-e86b-4cdd-a867-9ebba19c12c9/query (Caused by NameResolutionError("HTTPSConnection(host='api.cloudflare.com', port=443): Failed to resolve 'api.cloudflare.com' ([Errno 11002] getaddrinfo failed)")). Retrying in 5s...
[11:48:11] [93m[WARN][0m Network error communicating with Cloudflare: HTTPSConnectionPool(host='api.cloudflare.com', port=443): Max retries exceeded with url: /client/v4/accounts/948fd75d8b84a5cf20559d6aa789d4dd/d1/database/3f4d4547-e86b-4cdd-a867-9ebba19c12c9/query (Caused by NameResolutionError("HTTPSConnection(host='api.cloudflare.com', port=443): Failed to resolve 'api.cloudflare.com' ([Errno 11002] getaddrinfo failed)")). Retrying in 5s...
[11:48:29] [93m[WARN][0m Network error communicating with Cloudflare: HTTPSConnectionPool(host='api.cloudflare.com', port=443): Max retries exceeded with url: /client/v4/accounts/948fd75d8b84a5cf20559d6aa789d4dd/d1/database/3f4d4547-e86b-4cdd-a867-9ebba19c12c9/query (Caused by NameResolutionError("HTTPSConnection(host='api.cloudflare.com', port=443): Failed to resolve 'api.cloudflare.com' ([Errno 11002] getaddrinfo failed)")). Retrying in 5s...
[11:48:48] [93m[WARN][0m Network error communicating with Cloudflare: HTTPSConnectionPool(host='api.cloudflare.com', port=443): Max retries exceeded with url: /client/v4/accounts/948fd75d8b84a5cf20559d6aa789d4dd/d1/database/3f4d4547-e86b-4cdd-a867-9ebba19c12c9/query (Caused by NameResolutionError("HTTPSConnection(host='api.cloudflare.com', port=443): Failed to resolve 'api.cloudflare.com' ([Errno 11002] getaddrinfo failed)")). Retrying in 5s...
[11:49:06] [93m[WARN][0m Network error communicating with Cloudflare: HTTPSConnectionPool(host='api.cloudflare.com', port=443): Max retries exceeded with url: /client/v4/accounts/948fd75d8b84a5cf20559d6aa789d4dd/d1/database/3f4d4547-e86b-4cdd-a867-9ebba19c12c9/query (Caused by NameResolutionError("HTTPSConnection(host='api.cloudflare.com', port=443): Failed to resolve 'api.cloudflare.com' ([Errno 11002] getaddrinfo failed)")). Retrying in 5s...
[11:49:25] [93m[WARN][0m Network error communicating with Cloudflare: HTTPSConnectionPool(host='api.cloudflare.com', port=443): Max retries exceeded with url: /client/v4/accounts/948fd75d8b84a5cf20559d6aa789d4dd/d1/database/3f4d4547-e86b-4cdd-a867-9ebba19c12c9/query (Caused by NameResolutionError("HTTPSConnection(host='api.cloudflare.com', port=443): Failed to resolve 'api.cloudflare.com' ([Errno 11002] getaddrinfo failed)")). Retrying in 5s...
[11:49:44] [93m[WARN][0m Network error communicating with Cloudflare: HTTPSConnectionPool(host='api.cloudflare.com', port=443): Max retries exceeded with url: /client/v4/accounts/948fd75d8b84a5cf20559d6aa789d4dd/d1/database/3f4d4547-e86b-4cdd-a867-9ebba19c12c9/query (Caused by NameResolutionError("HTTPSConnection(host='api.cloudflare.com', port=443): Failed to resolve 'api.cloudflare.com' ([Errno 11002] getaddrinfo failed)")). Retrying in 5s...
[11:50:03] [93m[WARN][0m Network error communicating with Cloudflare: HTTPSConnectionPool(host='api.cloudflare.com', port=443): Max retries exceeded with url: /client/v4/accounts/948fd75d8b84a5cf20559d6aa789d4dd/d1/database/3f4d4547-e86b-4cdd-a867-9ebba19c12c9/query (Caused by NameResolutionError("HTTPSConnection(host='api.cloudflare.com', port=443): Failed to resolve 'api.cloudflare.com' ([Errno 11002] getaddrinfo failed)")). Retrying in 5s...
[11:50:21] [93m[WARN][0m Network error communicating with Cloudflare: HTTPSConnectionPool(host='api.cloudflare.com', port=443): Max retries exceeded with url: /client/v4/accounts/948fd75d8b84a5cf20559d6aa789d4dd/d1/database/3f4d4547-e86b-4cdd-a867-9ebba19c12c9/query (Caused by NameResolutionError("HTTPSConnection(host='api.cloudflare.com', port=443): Failed to resolve 'api.cloudflare.com' ([Errno 11002] getaddrinfo failed)")). Retrying in 5s...
[11:50:39] [94m[INFO][0m Heartbeat written to D1
[11:51:09] [94m[INFO][0m Heartbeat written to D1
[11:51:40] [94m[INFO][0m Heartbeat written to D1
[11:52:13] [94m[INFO][0m Heartbeat written to D1
[11:52:43] [94m[INFO][0m Heartbeat written to D1
[11:53:15] [94m[INFO][0m Heartbeat written to D1
[11:53:47] [94m[INFO][0m Heartbeat written to D1
[11:54:19] [94m[INFO][0m Heartbeat written to D1
[11:54:51] [94m[INFO][0m Heartbeat written to D1
[11:55:22] [94m[INFO][0m Heartbeat written to D1
[11:55:55] [94m[INFO][0m Heartbeat written to D1
[11:56:26] [94m[INFO][0m Heartbeat written to D1
[11:56:57] [94m[INFO][0m Heartbeat written to D1
[11:57:30] [94m[INFO][0m Heartbeat written to D1
[11:58:00] [94m[INFO][0m Heartbeat written to D1
[11:58:33] [94m[INFO][0m Heartbeat written to D1
[11:59:05] [94m[INFO][0m Heartbeat written to D1
[11:59:37] [94m[INFO][0m Heartbeat written to D1
[12:00:09] [94m[INFO][0m Heartbeat written to D1
[12:00:39] [94m[INFO][0m Heartbeat written to D1
[12:01:11] [94m[INFO][0m Heartbeat written to D1
[12:01:43] [94m[INFO][0m Heartbeat written to D1
[12:02:15] [94m[INFO][0m Heartbeat written to D1
[12:02:47] [94m[INFO][0m Heartbeat written to D1
[12:03:19] [94m[INFO][0m Heartbeat written to D1
[12:03:50] [94m[INFO][0m Heartbeat written to D1
[12:04:22] [94m[INFO][0m Heartbeat written to D1
[12:04:53] [94m[INFO][0m Heartbeat written to D1
[12:05:25] [94m[INFO][0m Heartbeat written to D1
[12:05:57] [94m[INFO][0m Heartbeat written to D1
[12:06:29] [94m[INFO][0m Heartbeat written to D1
[12:07:02] [94m[INFO][0m Heartbeat written to D1
[12:07:34] [94m[INFO][0m Heartbeat written to D1
[12:08:04] [94m[INFO][0m Heartbeat written to D1
[12:08:36] [94m[INFO][0m Heartbeat written to D1
[12:09:08] [94m[INFO][0m Heartbeat written to D1
[12:09:40] [94m[INFO][0m Heartbeat written to D1
[12:10:11] [94m[INFO][0m Heartbeat written to D1
[12:10:42] [94m[INFO][0m Heartbeat written to D1
[12:11:13] [94m[INFO][0m Heartbeat written to D1
[12:11:44] [94m[INFO][0m Heartbeat written to D1
[12:12:16] [94m[INFO][0m Heartbeat written to D1
[12:12:48] [94m[INFO][0m Heartbeat written to D1
[12:13:21] [94m[INFO][0m Heartbeat written to D1
[12:13:52] [94m[INFO][0m Heartbeat written to D1
[12:14:24] [94m[INFO][0m Heartbeat written to D1
[12:14:56] [94m[INFO][0m Heartbeat written to D1
[12:15:25] [94m[INFO][0m Heartbeat written to D1
[12:15:58] [94m[INFO][0m Heartbeat written to D1
[12:16:27] [94m[INFO][0m Heartbeat written to D1
[12:16:58] [94m[INFO][0m Heartbeat written to D1
[12:17:30] [94m[INFO][0m Heartbeat written to D1
[12:18:00] [94m[INFO][0m Heartbeat written to D1
[12:18:32] [94m[INFO][0m Heartbeat written to D1
[12:19:03] [94m[INFO][0m Heartbeat written to D1
[12:19:34] [94m[INFO][0m Heartbeat written to D1
[12:20:06] [94m[INFO][0m Heartbeat written to D1
[12:20:36] [94m[INFO][0m Heartbeat written to D1
[12:21:08] [94m[INFO][0m Heartbeat written to D1
[12:21:40] [94m[INFO][0m Heartbeat written to D1
[12:22:10] [94m[INFO][0m Heartbeat written to D1
[12:22:42] [94m[INFO][0m Heartbeat written to D1
[12:23:14] [94m[INFO][0m Heartbeat written to D1
[12:23:45] [94m[INFO][0m Heartbeat written to D1
[12:24:16] [94m[INFO][0m Heartbeat written to D1
[12:24:48] [94m[INFO][0m Heartbeat written to D1
[12:25:19] [94m[INFO][0m Heartbeat written to D1
[12:25:52] [94m[INFO][0m Heartbeat written to D1
[12:26:23] [94m[INFO][0m Heartbeat written to D1
[12:26:54] [94m[INFO][0m Heartbeat written to D1
[12:27:25] [94m[INFO][0m Heartbeat written to D1
[12:27:57] [94m[INFO][0m Heartbeat written to D1
[12:28:29] [94m[INFO][0m Heartbeat written to D1
[12:29:01] [94m[INFO][0m Heartbeat written to D1
[12:29:33] [94m[INFO][0m Heartbeat written to D1
[12:30:04] [94m[INFO][0m Heartbeat written to D1
[12:30:36] [94m[INFO][0m Heartbeat written to D1
[12:31:07] [94m[INFO][0m Heartbeat written to D1
[12:31:40] [94m[INFO][0m Heartbeat written to D1
[12:32:11] [94m[INFO][0m Heartbeat written to D1
[12:32:43] [94m[INFO][0m Heartbeat written to D1
[12:33:15] [94m[INFO][0m Heartbeat written to D1
[12:33:47] [94m[INFO][0m Heartbeat written to D1
[12:34:20] [94m[INFO][0m Heartbeat written to D1
[12:34:52] [94m[INFO][0m Heartbeat written to D1
[12:35:23] [94m[INFO][0m Heartbeat written to D1
[12:35:54] [94m[INFO][0m Heartbeat written to D1
[12:36:26] [94m[INFO][0m Heartbeat written to D1
[12:36:56] [94m[INFO][0m Heartbeat written to D1
[12:37:27] [94m[INFO][0m Heartbeat written to D1
[12:37:59] [94m[INFO][0m Heartbeat written to D1
[12:38:31] [94m[INFO][0m Heartbeat written to D1
[12:39:03] [94m[INFO][0m Heartbeat written to D1
[12:39:34] [94m[INFO][0m Heartbeat written to D1
[12:40:04] [94m[INFO][0m Heartbeat written to D1
[12:40:35] [94m[INFO][0m Heartbeat written to D1
[12:41:07] [94m[INFO][0m Heartbeat written to D1
[12:41:38] [94m[INFO][0m Heartbeat written to D1
[12:42:09] [94m[INFO][0m Heartbeat written to D1
[12:42:41] [94m[INFO][0m Heartbeat written to D1
[12:43:01] [93m[WARN][0m Network error communicating with Cloudflare: HTTPSConnectionPool(host='api.cloudflare.com', port=443): Read timed out. (read timeout=10). Retrying in 5s...
[12:43:19] [93m[WARN][0m Network error communicating with Cloudflare: HTTPSConnectionPool(host='api.cloudflare.com', port=443): Read timed out. (read timeout=10). Retrying in 5s...
[12:43:36] [94m[INFO][0m Heartbeat written to D1
[12:44:08] [94m[INFO][0m Heartbeat written to D1
[12:44:39] [94m[INFO][0m Heartbeat written to D1
[12:45:11] [94m[INFO][0m Heartbeat written to D1
[12:45:42] [94m[INFO][0m Heartbeat written to D1
[12:46:12] [94m[INFO][0m Heartbeat written to D1
[12:46:44] [94m[INFO][0m Heartbeat written to D1
[12:47:14] [94m[INFO][0m Heartbeat written to D1
[12:47:46] [94m[INFO][0m Heartbeat written to D1
[12:48:17] [94m[INFO][0m Heartbeat written to D1
[12:48:47] [94m[INFO][0m Heartbeat written to D1
[12:49:19] [94m[INFO][0m Heartbeat written to D1
[12:49:50] [94m[INFO][0m Heartbeat written to D1
[12:50:23] [94m[INFO][0m Heartbeat written to D1
[12:50:54] [94m[INFO][0m Heartbeat written to D1
[12:51:25] [94m[INFO][0m Heartbeat written to D1
[12:51:57] [94m[INFO][0m Heartbeat written to D1
[12:52:28] [94m[INFO][0m Heartbeat written to D1
[12:53:01] [94m[INFO][0m Heartbeat written to D1
[12:53:31] [94m[INFO][0m Heartbeat written to D1
[12:54:01] [94m[INFO][0m Heartbeat written to D1
[12:54:34] [94m[INFO][0m Heartbeat written to D1
[12:55:05] [94m[INFO][0m Heartbeat written to D1
[12:55:37] [94m[INFO][0m Heartbeat written to D1
[12:56:09] [94m[INFO][0m Heartbeat written to D1
[12:56:42] [94m[INFO][0m Heartbeat written to D1
[12:57:12] [94m[INFO][0m Heartbeat written to D1
[12:57:44] [94m[INFO][0m Heartbeat written to D1
[12:58:17] [94m[INFO][0m Heartbeat written to D1
[12:58:48] [94m[INFO][0m Heartbeat written to D1
[12:59:22] [94m[INFO][0m Heartbeat written to D1
[12:59:55] [94m[INFO][0m Heartbeat written to D1
[13:00:27] [94m[INFO][0m Heartbeat written to D1
[13:00:58] [94m[INFO][0m Heartbeat written to D1
[13:01:29] [94m[INFO][0m Heartbeat written to D1
[13:02:02] [94m[INFO][0m Heartbeat written to D1
[13:02:34] [94m[INFO][0m Heartbeat written to D1
[13:03:04] [94m[INFO][0m Heartbeat written to D1
[13:03:36] [94m[INFO][0m Heartbeat written to D1
[13:04:03] [95m[ALERT][0m Found 1 pending paid job(s) in queue!
[13:04:03] [94m[INFO][0m Processing Job #A447 (Manipur_Power_Generation_Assignment.pdf) — 5 pages, Duplex: False
[13:04:03] [92m[SUCCESS][0m Job 63d45c4c status updated -> PRINTING_ODD
[13:04:03] [94m[INFO][0m Downloading from R2 (uploads/raw/23f92a38-c465-43fe-81c7-af15a30a42c0-Manipur_Power_Generation_Assignment.pdf)...
[13:04:06] [92m[SUCCESS][0m Job 63d45c4c status updated -> PRINTING_ODD
[13:04:06] [94m[INFO][0m Printing Single-Sided: 5 pages, 1 copy/copies
[13:04:06] [94m[INFO][0m Executing: C:\Users\Richard Konsam\Desktop\DEVANANDA\autoprint\daemon\sumatra\SumatraPDF-3.5.2-64.exe -print-to EPSON L3210 Series -print-settings 1,2,3,4,5,monochrome,portrait,fit -silent C:\Users\Richard Konsam\Desktop\DEVANANDA\autoprint\daemon\temp_prints\A447_63d45c_Manipur_Power_Generation_Assignment.pdf
[13:04:11] [92m[SUCCESS][0m Job 63d45c4c status updated -> COMPLETED
[13:04:11] [94m[INFO][0m Purged remote file from R2: uploads/raw/23f92a38-c465-43fe-81c7-af15a30a42c0-Manipur_Power_Generation_Assignment.pdf
[13:04:12] [94m[INFO][0m Heartbeat written to D1
[13:04:43] [94m[INFO][0m Heartbeat written to D1
[13:05:16] [94m[INFO][0m Heartbeat written to D1
[13:05:48] [94m[INFO][0m Heartbeat written to D1
[13:06:21] [94m[INFO][0m Heartbeat written to D1
[13:06:52] [94m[INFO][0m Heartbeat written to D1
[13:07:24] [94m[INFO][0m Heartbeat written to D1
[13:07:57] [94m[INFO][0m Heartbeat written to D1
[13:08:32] [94m[INFO][0m Heartbeat written to D1
[13:08:59] [94m[INFO][0m Heartbeat written to D1
[13:09:32] [94m[INFO][0m Heartbeat written to D1
[13:10:02] [94m[INFO][0m Heartbeat written to D1
[13:10:33] [94m[INFO][0m Heartbeat written to D1
[13:11:03] [94m[INFO][0m Heartbeat written to D1
[13:11:34] [94m[INFO][0m Heartbeat written to D1
[13:12:06] [94m[INFO][0m Heartbeat written to D1
[13:12:36] [94m[INFO][0m Heartbeat written to D1
[13:13:08] [94m[INFO][0m Heartbeat written to D1
[13:13:40] [94m[INFO][0m Heartbeat written to D1
[13:14:11] [94m[INFO][0m Heartbeat written to D1
[13:14:42] [94m[INFO][0m Heartbeat written to D1
[13:15:12] [94m[INFO][0m Heartbeat written to D1
[13:15:43] [94m[INFO][0m Heartbeat written to D1
[13:16:14] [94m[INFO][0m Heartbeat written to D1
[13:16:46] [94m[INFO][0m Heartbeat written to D1
[13:17:18] [94m[INFO][0m Heartbeat written to D1
[13:17:50] [94m[INFO][0m Heartbeat written to D1
[13:18:23] [94m[INFO][0m Heartbeat written to D1
[13:18:57] [94m[INFO][0m Heartbeat written to D1
[13:19:06] [94m[INFO][0m Purged expired local file: A447_63d45c_Manipur_Power_Generation_Assignment.pdf
[13:19:26] [94m[INFO][0m Heartbeat written to D1
[13:19:56] [94m[INFO][0m Heartbeat written to D1
[13:20:27] [94m[INFO][0m Heartbeat written to D1
[13:20:59] [94m[INFO][0m Heartbeat written to D1
[13:21:31] [94m[INFO][0m Heartbeat written to D1
[13:22:01] [94m[INFO][0m Heartbeat written to D1
[13:22:32] [94m[INFO][0m Heartbeat written to D1
[13:23:06] [94m[INFO][0m Heartbeat written to D1
[13:23:37] [94m[INFO][0m Heartbeat written to D1
[13:24:07] [94m[INFO][0m Heartbeat written to D1
[13:24:38] [94m[INFO][0m Heartbeat written to D1
[13:25:09] [94m[INFO][0m Heartbeat written to D1
[13:25:41] [94m[INFO][0m Heartbeat written to D1
[13:26:11] [94m[INFO][0m Heartbeat written to D1
[13:26:41] [94m[INFO][0m Heartbeat written to D1
[13:27:12] [94m[INFO][0m Heartbeat written to D1
[13:27:44] [94m[INFO][0m Heartbeat written to D1
[13:28:15] [94m[INFO][0m Heartbeat written to D1
[13:28:47] [94m[INFO][0m Heartbeat written to D1
[13:29:18] [94m[INFO][0m Heartbeat written to D1
[13:29:49] [94m[INFO][0m Heartbeat written to D1
[13:30:19] [94m[INFO][0m Heartbeat written to D1
[13:30:51] [94m[INFO][0m Heartbeat written to D1
[13:31:23] [94m[INFO][0m Heartbeat written to D1
[13:31:55] [94m[INFO][0m Heartbeat written to D1
[13:32:27] [94m[INFO][0m Heartbeat written to D1
[13:32:59] [94m[INFO][0m Heartbeat written to D1
[13:33:31] [94m[INFO][0m Heartbeat written to D1
[13:34:02] [94m[INFO][0m Heartbeat written to D1
[13:34:34] [94m[INFO][0m Heartbeat written to D1
[13:35:05] [94m[INFO][0m Heartbeat written to D1
[13:35:36] [94m[INFO][0m Heartbeat written to D1
[13:36:08] [94m[INFO][0m Heartbeat written to D1
[13:36:40] [94m[INFO][0m Heartbeat written to D1
[13:37:11] [94m[INFO][0m Heartbeat written to D1
[13:37:42] [94m[INFO][0m Heartbeat written to D1
[13:38:13] [94m[INFO][0m Heartbeat written to D1
[13:38:48] [94m[INFO][0m Heartbeat written to D1
[13:39:17] [94m[INFO][0m Heartbeat written to D1
[13:39:49] [94m[INFO][0m Heartbeat written to D1
[13:40:20] [94m[INFO][0m Heartbeat written to D1
[13:40:51] [94m[INFO][0m Heartbeat written to D1
[13:41:22] [94m[INFO][0m Heartbeat written to D1
[13:41:54] [94m[INFO][0m Heartbeat written to D1
[13:42:24] [94m[INFO][0m Heartbeat written to D1
[13:42:56] [94m[INFO][0m Heartbeat written to D1
[13:43:27] [94m[INFO][0m Heartbeat written to D1
[13:43:57] [94m[INFO][0m Heartbeat written to D1
[13:44:30] [94m[INFO][0m Heartbeat written to D1
[13:45:01] [94m[INFO][0m Heartbeat written to D1
[13:45:32] [94m[INFO][0m Heartbeat written to D1
[13:46:04] [94m[INFO][0m Heartbeat written to D1
[13:46:34] [94m[INFO][0m Heartbeat written to D1
[13:47:05] [94m[INFO][0m Heartbeat written to D1
[13:47:37] [94m[INFO][0m Heartbeat written to D1
[13:48:09] [94m[INFO][0m Heartbeat written to D1
[13:48:39] [94m[INFO][0m Heartbeat written to D1
[13:49:10] [94m[INFO][0m Heartbeat written to D1
[13:49:41] [94m[INFO][0m Heartbeat written to D1
[13:50:13] [94m[INFO][0m Heartbeat written to D1
[13:50:44] [94m[INFO][0m Heartbeat written to D1
[13:51:16] [94m[INFO][0m Heartbeat written to D1
[13:51:46] [94m[INFO][0m Heartbeat written to D1
[13:52:18] [94m[INFO][0m Heartbeat written to D1
